Course_ID,Department,Course_Name,Term,Student_IDs
ECOM101,computer,Introduction to Computing,Term 1,"[94560, 47758, 39925, 89292, 60500, 67329, 24275, 31169, 81190, 96739, 26964]"
ECOM102,computer,Programming Fundamentals,Term 1,"[94560, 47758, 39925, 89292, 60500, 67329, 24275, 31169, 81190, 96739, 26964]"
ECOM103,computer,Web Technologies,Term 1,"[94560, 47758, 39925, 89292, 60500, 67329, 24275, 31169, 81190, 96739, 26964]"
ECOM104,computer,Computer Ethics,Term 1,"[94560, 47758, 39925, 89292, 60500, 67329, 24275, 31169, 81190, 96739, 26964]"
ECOM105,computer,Discrete Mathematics,Term 1,"[94560, 47758, 39925, 89292, 60500, 67329, 24275, 31169, 81190, 96739, 26964]"
ECOM106,computer,Digital Design,Term 1,"[94560, 47758, 39925, 89292, 60500, 67329, 24275, 31169, 81190, 96739, 26964]"
ECOM201,computer,Data Structures,Term 2,"[62033, 19785, 84275, 98465, 80603, 25899, 14063, 87859, 53387, 40110, 73139, 30145]"
ECOM202,computer,Computer Architecture,Term 2,"[62033, 19785, 84275, 98465, 80603, 25899, 14063, 87859, 53387, 40110, 73139, 30145]"
ECOM203,computer,Algorithm Analysis,Term 2,"[62033, 19785, 84275, 98465, 80603, 25899, 14063, 87859, 53387, 40110, 73139, 30145]"
ECOM204,computer,Human-Computer Interaction,Term 2,"[62033, 19785, 84275, 98465, 80603, 25899, 14063, 87859, 53387, 40110, 73139, 30145]"
ECOM205,computer,Linear Algebra,Term 2,"[62033, 19785, 84275, 98465, 80603, 25899, 14063, 87859, 53387, 40110, 73139, 30145]"
ECOM206,computer,Database Systems,Term 2,"[62033, 19785, 84275, 98465, 80603, 25899, 14063, 87859, 53387, 40110, 73139, 30145]"
ECOM301,computer,Advanced Programming,Term 3,"[44991, 16253, 88594, 74148, 32461, 72342]"
ECOM302,computer,Operating Systems,Term 3,"[44991, 16253, 88594, 74148, 32461, 72342]"
ECOM303,computer,Computer Networks,Term 3,"[44991, 16253, 88594, 74148, 32461, 72342]"
ECOM304,computer,Software Engineering,Term 3,"[44991, 16253, 88594, 74148, 32461, 72342]"
ECOM305,computer,Artificial Intelligence,Term 3,"[44991, 16253, 88594, 74148, 32461, 72342]"
ECOM306,computer,System Security,Term 3,"[44991, 16253, 88594, 74148, 32461, 72342]"
ECOM401,computer,Machine Learning,Term 4,"[46384, 19807, 74778, 74088, 35260, 50704, 18560]"
ECOM402,computer,Distributed Systems,Term 4,"[46384, 19807, 74778, 74088, 35260, 50704, 18560]"
ECOM403,computer,Mobile Application Development,Term 4,"[46384, 19807, 74778, 74088, 35260, 50704, 18560]"
ECOM404,computer,Web Development,Term 4,"[46384, 19807, 74778, 74088, 35260, 50704, 18560]"
ECOM405,computer,Graphics and Visualization,Term 4,"[46384, 19807, 74778, 74088, 35260, 50704, 18560]"
ECOM406,computer,Cryptography,Term 4,"[46384, 19807, 74778, 74088, 35260, 50704, 18560]"
ECOM501,computer,Cloud Computing,Term 5,"[95391, 58639, 74813, 25497, 69598, 71031, 54093, 12938]"
ECOM502,computer,Big Data Analytics,Term 5,"[95391, 58639, 74813, 25497, 69598, 71031, 54093, 12938]"
ECOM503,computer,Internet of Things,Term 5,"[95391, 58639, 74813, 25497, 69598, 71031, 54093, 12938]"
ECOM504,computer,Game Development,Term 5,"[95391, 58639, 74813, 25497, 69598, 71031, 54093, 12938]"
ECOM505,computer,Blockchain Technology,Term 5,"[95391, 58639, 74813, 25497, 69598, 71031, 54093, 12938]"
ECOM506,computer,Cyber-Physical Systems,Term 5,"[95391, 58639, 74813, 25497, 69598, 71031, 54093, 12938]"
ECOM601,computer,Robotics,Term 6,"[61413, 35797, 33799, 99728, 97041, 30336, 68139]"
ECOM602,computer,Quantum Computing,Term 6,"[61413, 35797, 33799, 99728, 97041, 30336, 68139]"
ECOM603,computer,Virtual Reality,Term 6,"[61413, 35797, 33799, 99728, 97041, 30336, 68139]"
ECOM604,computer,Augmented Reality,Term 6,"[61413, 35797, 33799, 99728, 97041, 30336, 68139]"
ECOM605,computer,Computer Vision,Term 6,"[61413, 35797, 33799, 99728, 97041, 30336, 68139]"
ECOM606,computer,Natural Language Processing,Term 6,"[61413, 35797, 33799, 99728, 97041, 30336, 68139]"
ECOM701,computer,Ethical Hacking,Term 7,"[98444, 92985, 47495, 11481, 10898, 63371, 92437, 44182, 79792, 68546]"
ECOM702,computer,Advanced Database Systems,Term 7,"[98444, 92985, 47495, 11481, 10898, 63371, 92437, 44182, 79792, 68546]"
ECOM703,computer,Wireless Networking,Term 7,"[98444, 92985, 47495, 11481, 10898, 63371, 92437, 44182, 79792, 68546]"
ECOM704,computer,Data Mining,Term 7,"[98444, 92985, 47495, 11481, 10898, 63371, 92437, 44182, 79792, 68546]"
ECOM705,computer,Software Project Management,Term 7,"[98444, 92985, 47495, 11481, 10898, 63371, 92437, 44182, 79792, 68546]"
ECOM706,computer,Advanced Algorithms,Term 7,"[98444, 92985, 47495, 11481, 10898, 63371, 92437, 44182, 79792, 68546]"
ECOM801,computer,Information Theory and Coding,Term 8,"[17454, 68528, 90374, 58020, 78548, 57744, 37634, 64595]"
ECOM802,computer,Parallel Computing,Term 8,"[17454, 68528, 90374, 58020, 78548, 57744, 37634, 64595]"
ECOM803,computer,Humanoid Robots,Term 8,"[17454, 68528, 90374, 58020, 78548, 57744, 37634, 64595]"
ECOM804,computer,Advanced Web Technologies,Term 8,"[17454, 68528, 90374, 58020, 78548, 57744, 37634, 64595]"
ECOM805,computer,Geographical Information Systems,Term 8,"[17454, 68528, 90374, 58020, 78548, 57744, 37634, 64595]"
ECOM806,computer,Autonomous Systems,Term 8,"[17454, 68528, 90374, 58020, 78548, 57744, 37634, 64595]"
EELE101,electronics,Basic Electronics,Term 1,"[32635, 85827, 20086, 68692, 38641, 54221, 77324, 73809, 98185, 37101, 36373, 29721, 25249]"
EELE102,electronics,Circuit Theory,Term 1,"[32635, 85827, 20086, 68692, 38641, 54221, 77324, 73809, 98185, 37101, 36373, 29721, 25249]"
EELE103,electronics,Digital Logic Design,Term 1,"[32635, 85827, 20086, 68692, 38641, 54221, 77324, 73809, 98185, 37101, 36373, 29721, 25249]"
EELE104,electronics,Electronics Workshop,Term 1,"[32635, 85827, 20086, 68692, 38641, 54221, 77324, 73809, 98185, 37101, 36373, 29721, 25249]"
EELE105,electronics,Signals and Systems,Term 1,"[32635, 85827, 20086, 68692, 38641, 54221, 77324, 73809, 98185, 37101, 36373, 29721, 25249]"
EELE106,electronics,Electromagnetic Fields,Term 1,"[32635, 85827, 20086, 68692, 38641, 54221, 77324, 73809, 98185, 37101, 36373, 29721, 25249]"
EELE201,electronics,Analog Circuits,Term 2,"[36580, 20108, 84021, 51763, 85880, 39828]"
EELE202,electronics,Microcontrollers,Term 2,"[36580, 20108, 84021, 51763, 85880, 39828]"
EELE203,electronics,Communication Systems,Term 2,"[36580, 20108, 84021, 51763, 85880, 39828]"
EELE204,electronics,Instrumentation and Measurement,Term 2,"[36580, 20108, 84021, 51763, 85880, 39828]"
EELE205,electronics,Control Systems,Term 2,"[36580, 20108, 84021, 51763, 85880, 39828]"
EELE206,electronics,Power Electronics,Term 2,"[36580, 20108, 84021, 51763, 85880, 39828]"
EELE301,electronics,Digital Signal Processing,Term 3,"[63269, 29012, 83461, 23347, 85017, 29223, 27736, 24129, 10907, 10739, 74405]"
EELE302,electronics,VLSI Design,Term 3,"[63269, 29012, 83461, 23347, 85017, 29223, 27736, 24129, 10907, 10739, 74405]"
EELE303,electronics,Embedded Systems,Term 3,"[63269, 29012, 83461, 23347, 85017, 29223, 27736, 24129, 10907, 10739, 74405]"
EELE304,electronics,Optoelectronics,Term 3,"[63269, 29012, 83461, 23347, 85017, 29223, 27736, 24129, 10907, 10739, 74405]"
EELE305,electronics,Radio Frequency Design,Term 3,"[63269, 29012, 83461, 23347, 85017, 29223, 27736, 24129, 10907, 10739, 74405]"
EELE306,electronics,Renewable Energy Systems,Term 3,"[63269, 29012, 83461, 23347, 85017, 29223, 27736, 24129, 10907, 10739, 74405]"
EELE401,electronics,Antennas and Wave Propagation,Term 4,"[56511, 64739, 47131, 51651, 54589, 47700, 73921, 91247, 49769]"
EELE402,electronics,Electronic Materials and Devices,Term 4,"[56511, 64739, 47131, 51651, 54589, 47700, 73921, 91247, 49769]"
EELE403,electronics,Microwave Engineering,Term 4,"[56511, 64739, 47131, 51651, 54589, 47700, 73921, 91247, 49769]"
EELE404,electronics,Photonics,Term 4,"[56511, 64739, 47131, 51651, 54589, 47700, 73921, 91247, 49769]"
EELE405,electronics,Nanoelectronics,Term 4,"[56511, 64739, 47131, 51651, 54589, 47700, 73921, 91247, 49769]"
EELE406,electronics,Biomedical Electronics,Term 4,"[56511, 64739, 47131, 51651, 54589, 47700, 73921, 91247, 49769]"
EELE501,electronics,Wireless Communication,Term 5,"[85406, 16266, 76580, 44465, 80395, 52313, 78330, 51575]"
EELE502,electronics,Advanced Control Systems,Term 5,"[85406, 16266, 76580, 44465, 80395, 52313, 78330, 51575]"
EELE503,electronics,Sensors and Actuators,Term 5,"[85406, 16266, 76580, 44465, 80395, 52313, 78330, 51575]"
EELE504,electronics,Power System Engineering,Term 5,"[85406, 16266, 76580, 44465, 80395, 52313, 78330, 51575]"
EELE505,electronics,Satellite Communication,Term 5,"[85406, 16266, 76580, 44465, 80395, 52313, 78330, 51575]"
EELE506,electronics,Optical Communication,Term 5,"[85406, 16266, 76580, 44465, 80395, 52313, 78330, 51575]"
EELE601,electronics,Radar and Navigation Systems,Term 6,"[11607, 95901, 84930, 35142, 68983, 65353, 24970, 18959, 64476, 68161, 69288, 54864, 20067, 87835, 55598]"
EELE602,electronics,Flexible Electronics,Term 6,"[11607, 95901, 84930, 35142, 68983, 65353, 24970, 18959, 64476, 68161, 69288, 54864, 20067, 87835, 55598]"
EELE603,electronics,Integrated Circuit Design,Term 6,"[11607, 95901, 84930, 35142, 68983, 65353, 24970, 18959, 64476, 68161, 69288, 54864, 20067, 87835, 55598]"
EELE604,electronics,Quantum Electronics,Term 6,"[11607, 95901, 84930, 35142, 68983, 65353, 24970, 18959, 64476, 68161, 69288, 54864, 20067, 87835, 55598]"
EELE605,electronics,Robotics and Automation,Term 6,"[11607, 95901, 84930, 35142, 68983, 65353, 24970, 18959, 64476, 68161, 69288, 54864, 20067, 87835, 55598]"
EELE606,electronics,Digital System Design,Term 6,"[11607, 95901, 84930, 35142, 68983, 65353, 24970, 18959, 64476, 68161, 69288, 54864, 20067, 87835, 55598]"
EELE701,electronics,Consumer Electronics,Term 7,"[73305, 47844, 32271, 92013, 37317, 34785]"
EELE702,electronics,Power Quality,Term 7,"[73305, 47844, 32271, 92013, 37317, 34785]"
EELE703,electronics,Energy Harvesting,Term 7,"[73305, 47844, 32271, 92013, 37317, 34785]"
EELE704,electronics,Wireless Sensor Networks,Term 7,"[73305, 47844, 32271, 92013, 37317, 34785]"
EELE705,electronics,Electromagnetic Compatibility,Term 7,"[73305, 47844, 32271, 92013, 37317, 34785]"
EELE706,electronics,Analog Signal Processing,Term 7,"[73305, 47844, 32271, 92013, 37317, 34785]"
EELE801,electronics,Smart Grid Technologies,Term 8,"[57155, 86949, 79473, 18835, 10695, 67271, 77169, 85440, 89102]"
EELE802,electronics,High Frequency Circuit Design,Term 8,"[57155, 86949, 79473, 18835, 10695, 67271, 77169, 85440, 89102]"
EELE803,electronics,Neuroengineering,Term 8,"[57155, 86949, 79473, 18835, 10695, 67271, 77169, 85440, 89102]"
EELE804,electronics,Internet of Things Applications,Term 8,"[57155, 86949, 79473, 18835, 10695, 67271, 77169, 85440, 89102]"
EELE805,electronics,Automotive Electronics,Term 8,"[57155, 86949, 79473, 18835, 10695, 67271, 77169, 85440, 89102]"
EELE806,electronics,Electronic System Design,Term 8,"[57155, 86949, 79473, 18835, 10695, 67271, 77169, 85440, 89102]"
ECIV101,civil,Civil Engineering Basics,Term 1,"[31892, 66312, 97411, 96065, 90352]"
ECIV102,civil,Construction Materials,Term 1,"[31892, 66312, 97411, 96065, 90352]"
ECIV103,civil,Engineering Mechanics,Term 1,"[31892, 66312, 97411, 96065, 90352]"
ECIV104,civil,Environmental Studies,Term 1,"[31892, 66312, 97411, 96065, 90352]"
ECIV105,civil,Fluid Mechanics,Term 1,"[31892, 66312, 97411, 96065, 90352]"
ECIV106,civil,Geology,Term 1,"[31892, 66312, 97411, 96065, 90352]"
ECIV201,civil,Structural Analysis,Term 2,"[53502, 40945, 27083, 64390, 91831, 14088, 69173, 61815, 33733, 83993, 97275, 66119]"
ECIV202,civil,Concrete Technology,Term 2,"[53502, 40945, 27083, 64390, 91831, 14088, 69173, 61815, 33733, 83993, 97275, 66119]"
ECIV203,civil,Geotechnical Engineering,Term 2,"[53502, 40945, 27083, 64390, 91831, 14088, 69173, 61815, 33733, 83993, 97275, 66119]"
ECIV204,civil,Hydrology and Water Resources,Term 2,"[53502, 40945, 27083, 64390, 91831, 14088, 69173, 61815, 33733, 83993, 97275, 66119]"
ECIV205,civil,Transportation Engineering,Term 2,"[53502, 40945, 27083, 64390, 91831, 14088, 69173, 61815, 33733, 83993, 97275, 66119]"
ECIV206,civil,Surveying,Term 2,"[53502, 40945, 27083, 64390, 91831, 14088, 69173, 61815, 33733, 83993, 97275, 66119]"
ECIV301,civil,Foundation Engineering,Term 3,"[59240, 55937, 95894, 40104, 30159, 36697, 86932, 70687, 41293, 70337, 95855, 70902, 19762, 66844]"
ECIV302,civil,Earthquake Engineering,Term 3,"[59240, 55937, 95894, 40104, 30159, 36697, 86932, 70687, 41293, 70337, 95855, 70902, 19762, 66844]"
ECIV303,civil,Pavement Design,Term 3,"[59240, 55937, 95894, 40104, 30159, 36697, 86932, 70687, 41293, 70337, 95855, 70902, 19762, 66844]"
ECIV304,civil,Urban Planning,Term 3,"[59240, 55937, 95894, 40104, 30159, 36697, 86932, 70687, 41293, 70337, 95855, 70902, 19762, 66844]"
ECIV305,civil,Traffic Engineering,Term 3,"[59240, 55937, 95894, 40104, 30159, 36697, 86932, 70687, 41293, 70337, 95855, 70902, 19762, 66844]"
ECIV306,civil,Bridge Engineering,Term 3,"[59240, 55937, 95894, 40104, 30159, 36697, 86932, 70687, 41293, 70337, 95855, 70902, 19762, 66844]"
ECIV401,civil,Building Technology,Term 4,"[61772, 46206, 49244, 63056, 99311, 20871, 97008, 48651, 66420]"
ECIV402,civil,Water Supply and Waste Water Engineering,Term 4,"[61772, 46206, 49244, 63056, 99311, 20871, 97008, 48651, 66420]"
ECIV403,civil,Soil Mechanics,Term 4,"[61772, 46206, 49244, 63056, 99311, 20871, 97008, 48651, 66420]"
ECIV404,civil,Construction Project Management,Term 4,"[61772, 46206, 49244, 63056, 99311, 20871, 97008, 48651, 66420]"
ECIV405,civil,Steel Structures,Term 4,"[61772, 46206, 49244, 63056, 99311, 20871, 97008, 48651, 66420]"
ECIV406,civil,Environmental Impact Assessment,Term 4,"[61772, 46206, 49244, 63056, 99311, 20871, 97008, 48651, 66420]"
ECIV501,civil,Advanced Structural Analysis,Term 5,"[51133, 60581, 88125, 36717, 14761]"
ECIV502,civil,Hydraulic Structures,Term 5,"[51133, 60581, 88125, 36717, 14761]"
ECIV503,civil,Reinforced Concrete Design,Term 5,"[51133, 60581, 88125, 36717, 14761]"
ECIV504,civil,Sustainable Construction,Term 5,"[51133, 60581, 88125, 36717, 14761]"
ECIV505,civil,Coastal Engineering,Term 5,"[51133, 60581, 88125, 36717, 14761]"
ECIV506,civil,Remote Sensing and GIS,Term 5,"[51133, 60581, 88125, 36717, 14761]"
ECIV601,civil,Advanced Geotechnical Engineering,Term 6,"[29963, 47970, 66624, 67234, 40088, 16877, 30690, 11750]"
ECIV602,civil,Building Information Modeling,Term 6,"[29963, 47970, 66624, 67234, 40088, 16877, 30690, 11750]"
ECIV603,civil,Water Resource Management,Term 6,"[29963, 47970, 66624, 67234, 40088, 16877, 30690, 11750]"
ECIV604,civil,Advanced Transportation Engineering,Term 6,"[29963, 47970, 66624, 67234, 40088, 16877, 30690, 11750]"
ECIV605,civil,Seismic Design of Structures,Term 6,"[29963, 47970, 66624, 67234, 40088, 16877, 30690, 11750]"
ECIV606,civil,Green Building Design,Term 6,"[29963, 47970, 66624, 67234, 40088, 16877, 30690, 11750]"
ECIV701,civil,Construction Economics,Term 7,"[55006, 69344, 85320, 48610, 42758, 84402, 25488, 33142, 24848, 49723, 14819, 84028]"
ECIV702,civil,Land Development Engineering,Term 7,"[55006, 69344, 85320, 48610, 42758, 84402, 25488, 33142, 24848, 49723, 14819, 84028]"
ECIV703,civil,Highway Engineering,Term 7,"[55006, 69344, 85320, 48610, 42758, 84402, 25488, 33142, 24848, 49723, 14819, 84028]"
ECIV704,civil,Structural Dynamics,Term 7,"[55006, 69344, 85320, 48610, 42758, 84402, 25488, 33142, 24848, 49723, 14819, 84028]"
ECIV705,civil,Geosynthetics and Reinforced Soil Structures,Term 7,"[55006, 69344, 85320, 48610, 42758, 84402, 25488, 33142, 24848, 49723, 14819, 84028]"
ECIV706,civil,Construction Safety and Health,Term 7,"[55006, 69344, 85320, 48610, 42758, 84402, 25488, 33142, 24848, 49723, 14819, 84028]"
ECIV801,civil,Urban Transportation Planning,Term 8,"[22414, 37615, 37377, 52674, 64130, 53320, 47411, 35662, 80376]"
ECIV802,civil,Advanced Environmental Engineering,Term 8,"[22414, 37615, 37377, 52674, 64130, 53320, 47411, 35662, 80376]"
ECIV803,civil,Prestressed Concrete,Term 8,"[22414, 37615, 37377, 52674, 64130, 53320, 47411, 35662, 80376]"
ECIV804,civil,Geotechnical Earthquake Engineering,Term 8,"[22414, 37615, 37377, 52674, 64130, 53320, 47411, 35662, 80376]"
ECIV805,civil,Structural Rehabilitation and Retrofitting,Term 8,"[22414, 37615, 37377, 52674, 64130, 53320, 47411, 35662, 80376]"
ECIV806,civil,Disaster Risk Management,Term 8,"[22414, 37615, 37377, 52674, 64130, 53320, 47411, 35662, 80376]"
SPSY101,psychology,Introduction to Psychology,Term 1,"[61853, 81145, 69103, 12165, 28509, 88024, 80226, 61923, 47014, 68890, 15816, 45994]"
SPSY102,psychology,Biopsychology,Term 1,"[61853, 81145, 69103, 12165, 28509, 88024, 80226, 61923, 47014, 68890, 15816, 45994]"
SPSY103,psychology,Research Methods in Psychology,Term 1,"[61853, 81145, 69103, 12165, 28509, 88024, 80226, 61923, 47014, 68890, 15816, 45994]"
SPSY104,psychology,Developmental Psychology,Term 1,"[61853, 81145, 69103, 12165, 28509, 88024, 80226, 61923, 47014, 68890, 15816, 45994]"
SPSY105,psychology,Social Psychology,Term 1,"[61853, 81145, 69103, 12165, 28509, 88024, 80226, 61923, 47014, 68890, 15816, 45994]"
SPSY106,psychology,Cognitive Psychology,Term 1,"[61853, 81145, 69103, 12165, 28509, 88024, 80226, 61923, 47014, 68890, 15816, 45994]"
SPSY201,psychology,Personality Psychology,Term 2,"[86263, 60777, 84223, 65787, 38855, 24699]"
SPSY202,psychology,Abnormal Psychology,Term 2,"[86263, 60777, 84223, 65787, 38855, 24699]"
SPSY203,psychology,Psychological Statistics,Term 2,"[86263, 60777, 84223, 65787, 38855, 24699]"
SPSY204,psychology,Experimental Psychology,Term 2,"[86263, 60777, 84223, 65787, 38855, 24699]"
SPSY205,psychology,Psychology of Learning,Term 2,"[86263, 60777, 84223, 65787, 38855, 24699]"
SPSY206,psychology,Sensation and Perception,Term 2,"[86263, 60777, 84223, 65787, 38855, 24699]"
SPSY301,psychology,Clinical Psychology,Term 3,"[79787, 56541, 67551, 38155, 83347, 48127, 59290, 92510, 49965, 39414]"
SPSY302,psychology,Counseling Psychology,Term 3,"[79787, 56541, 67551, 38155, 83347, 48127, 59290, 92510, 49965, 39414]"
SPSY303,psychology,Health Psychology,Term 3,"[79787, 56541, 67551, 38155, 83347, 48127, 59290, 92510, 49965, 39414]"
SPSY304,psychology,Positive Psychology,Term 3,"[79787, 56541, 67551, 38155, 83347, 48127, 59290, 92510, 49965, 39414]"
SPSY305,psychology,Forensic Psychology,Term 3,"[79787, 56541, 67551, 38155, 83347, 48127, 59290, 92510, 49965, 39414]"
SPSY306,psychology,Neuropsychology,Term 3,"[79787, 56541, 67551, 38155, 83347, 48127, 59290, 92510, 49965, 39414]"
SPSY401,psychology,Child and Adolescent Psychology,Term 4,"[86087, 59599, 96621, 81555, 49980, 84218, 51627, 64661, 10445, 51505, 69277, 87486, 13537]"
SPSY402,psychology,Geropsychology,Term 4,"[86087, 59599, 96621, 81555, 49980, 84218, 51627, 64661, 10445, 51505, 69277, 87486, 13537]"
SPSY403,psychology,Industrial and Organizational Psychology,Term 4,"[86087, 59599, 96621, 81555, 49980, 84218, 51627, 64661, 10445, 51505, 69277, 87486, 13537]"
SPSY404,psychology,Psychology of Gender,Term 4,"[86087, 59599, 96621, 81555, 49980, 84218, 51627, 64661, 10445, 51505, 69277, 87486, 13537]"
SPSY405,psychology,Environmental Psychology,Term 4,"[86087, 59599, 96621, 81555, 49980, 84218, 51627, 64661, 10445, 51505, 69277, 87486, 13537]"
SPSY406,psychology,Cross-Cultural Psychology,Term 4,"[86087, 59599, 96621, 81555, 49980, 84218, 51627, 64661, 10445, 51505, 69277, 87486, 13537]"
SPSY501,psychology,Sport Psychology,Term 5,"[36397, 61593, 14042, 88035, 25552, 53984, 92276, 31983]"
SPSY502,psychology,Human Sexuality,Term 5,"[36397, 61593, 14042, 88035, 25552, 53984, 92276, 31983]"
SPSY503,psychology,Psychopharmacology,Term 5,"[36397, 61593, 14042, 88035, 25552, 53984, 92276, 31983]"
SPSY504,psychology,Family Therapy,Term 5,"[36397, 61593, 14042, 88035, 25552, 53984, 92276, 31983]"
SPSY505,psychology,Psychology of Addiction,Term 5,"[36397, 61593, 14042, 88035, 25552, 53984, 92276, 31983]"
SPSY506,psychology,Educational Psychology,Term 5,"[36397, 61593, 14042, 88035, 25552, 53984, 92276, 31983]"
SPSY601,psychology,Consumer Psychology,Term 6,"[88199, 68619, 82219, 71816, 90807, 12532, 19691, 25482, 24169, 66022, 93044, 70721, 44972, 17824]"
SPSY602,psychology,Psychology of Religion,Term 6,"[88199, 68619, 82219, 71816, 90807, 12532, 19691, 25482, 24169, 66022, 93044, 70721, 44972, 17824]"
SPSY603,psychology,Evolutionary Psychology,Term 6,"[88199, 68619, 82219, 71816, 90807, 12532, 19691, 25482, 24169, 66022, 93044, 70721, 44972, 17824]"
SPSY604,psychology,School Psychology,Term 6,"[88199, 68619, 82219, 71816, 90807, 12532, 19691, 25482, 24169, 66022, 93044, 70721, 44972, 17824]"
SPSY605,psychology,Psychology of Creativity,Term 6,"[88199, 68619, 82219, 71816, 90807, 12532, 19691, 25482, 24169, 66022, 93044, 70721, 44972, 17824]"
SPSY606,psychology,Media Psychology,Term 6,"[88199, 68619, 82219, 71816, 90807, 12532, 19691, 25482, 24169, 66022, 93044, 70721, 44972, 17824]"
SPSY701,psychology,Advanced Research Methods,Term 7,"[50822, 86284, 64212, 66507, 16956, 92778, 34711, 36950, 74493, 76070]"
SPSY702,psychology,Psychology of Emotion,Term 7,"[50822, 86284, 64212, 66507, 16956, 92778, 34711, 36950, 74493, 76070]"
SPSY703,psychology,History and Systems of Psychology,Term 7,"[50822, 86284, 64212, 66507, 16956, 92778, 34711, 36950, 74493, 76070]"
SPSY704,psychology,Psychology of Language,Term 7,"[50822, 86284, 64212, 66507, 16956, 92778, 34711, 36950, 74493, 76070]"
SPSY705,psychology,Cognitive Neuroscience,Term 7,"[50822, 86284, 64212, 66507, 16956, 92778, 34711, 36950, 74493, 76070]"
SPSY706,psychology,Applied Behavior Analysis,Term 7,"[50822, 86284, 64212, 66507, 16956, 92778, 34711, 36950, 74493, 76070]"
SPSY801,psychology,Independent Study in Psychology,Term 8,"[93537, 61909, 98797, 97420, 80742, 99579, 84061, 60712, 59398, 31296, 87505, 64040, 69274, 30388, 66281]"
SPSY802,psychology,Senior Seminar in Psychology,Term 8,"[93537, 61909, 98797, 97420, 80742, 99579, 84061, 60712, 59398, 31296, 87505, 64040, 69274, 30388, 66281]"
SPSY803,psychology,Psychology Internship,Term 8,"[93537, 61909, 98797, 97420, 80742, 99579, 84061, 60712, 59398, 31296, 87505, 64040, 69274, 30388, 66281]"
SPSY804,psychology,Advanced Topics in Psychology,Term 8,"[93537, 61909, 98797, 97420, 80742, 99579, 84061, 60712, 59398, 31296, 87505, 64040, 69274, 30388, 66281]"
SPSY805,psychology,Psychology Capstone Project,Term 8,"[93537, 61909, 98797, 97420, 80742, 99579, 84061, 60712, 59398, 31296, 87505, 64040, 69274, 30388, 66281]"
SPSY806,psychology,Community Psychology,Term 8,"[93537, 61909, 98797, 97420, 80742, 99579, 84061, 60712, 59398, 31296, 87505, 64040, 69274, 30388, 66281]"
SMAT101,maths,Calculus I,Term 1,"[24898, 76868, 76045, 77283, 18394, 34956]"
SMAT102,maths,Linear Algebra I,Term 1,"[24898, 76868, 76045, 77283, 18394, 34956]"
SMAT103,maths,Discrete Mathematics,Term 1,"[24898, 76868, 76045, 77283, 18394, 34956]"
SMAT104,maths,Probability Theory,Term 1,"[24898, 76868, 76045, 77283, 18394, 34956]"
SMAT105,maths,Fundamentals of Mathematical Logic,Term 1,"[24898, 76868, 76045, 77283, 18394, 34956]"
SMAT106,maths,Mathematical Statistics,Term 1,"[24898, 76868, 76045, 77283, 18394, 34956]"
SMAT201,maths,Calculus II,Term 2,"[20277, 53048, 28351, 88274, 84387, 75042, 66399, 56464]"
SMAT202,maths,Linear Algebra II,Term 2,"[20277, 53048, 28351, 88274, 84387, 75042, 66399, 56464]"
SMAT203,maths,Real Analysis,Term 2,"[20277, 53048, 28351, 88274, 84387, 75042, 66399, 56464]"
SMAT204,maths,Complex Analysis,Term 2,"[20277, 53048, 28351, 88274, 84387, 75042, 66399, 56464]"
SMAT205,maths,Numerical Methods,Term 2,"[20277, 53048, 28351, 88274, 84387, 75042, 66399, 56464]"
SMAT206,maths,Abstract Algebra,Term 2,"[20277, 53048, 28351, 88274, 84387, 75042, 66399, 56464]"
SMAT301,maths,Calculus III,Term 3,"[42406, 57453, 74170, 85151, 57558]"
SMAT302,maths,Topology,Term 3,"[42406, 57453, 74170, 85151, 57558]"
SMAT303,maths,Differential Equations,Term 3,"[42406, 57453, 74170, 85151, 57558]"
SMAT304,maths,Operations Research,Term 3,"[42406, 57453, 74170, 85151, 57558]"
SMAT305,maths,Game Theory,Term 3,"[42406, 57453, 74170, 85151, 57558]"
SMAT306,maths,Mathematical Modeling,Term 3,"[42406, 57453, 74170, 85151, 57558]"
SMAT401,maths,Vector Analysis,Term 4,"[16681, 53560, 73801, 63264, 66916]"
SMAT402,maths,Group Theory,Term 4,"[16681, 53560, 73801, 63264, 66916]"
SMAT403,maths,Graph Theory,Term 4,"[16681, 53560, 73801, 63264, 66916]"
SMAT404,maths,Mathematical Physics,Term 4,"[16681, 53560, 73801, 63264, 66916]"
SMAT405,maths,Number Theory,Term 4,"[16681, 53560, 73801, 63264, 66916]"
SMAT406,maths,Computational Mathematics,Term 4,"[16681, 53560, 73801, 63264, 66916]"
SMAT501,maths,Functional Analysis,Term 5,"[82804, 99577, 98091, 75965, 27933, 55889, 49453, 28544, 57055, 41796, 36914, 10716, 79763, 64974, 87352]"
SMAT502,maths,Partial Differential Equations,Term 5,"[82804, 99577, 98091, 75965, 27933, 55889, 49453, 28544, 57055, 41796, 36914, 10716, 79763, 64974, 87352]"
SMAT503,maths,Cryptography,Term 5,"[82804, 99577, 98091, 75965, 27933, 55889, 49453, 28544, 57055, 41796, 36914, 10716, 79763, 64974, 87352]"
SMAT504,maths,Combinatorics,Term 5,"[82804, 99577, 98091, 75965, 27933, 55889, 49453, 28544, 57055, 41796, 36914, 10716, 79763, 64974, 87352]"
SMAT505,maths,Statistical Methods,Term 5,"[82804, 99577, 98091, 75965, 27933, 55889, 49453, 28544, 57055, 41796, 36914, 10716, 79763, 64974, 87352]"
SMAT506,maths,Advanced Calculus,Term 5,"[82804, 99577, 98091, 75965, 27933, 55889, 49453, 28544, 57055, 41796, 36914, 10716, 79763, 64974, 87352]"
SMAT601,maths,Measure Theory,Term 6,"[36615, 22562, 21726, 42537, 53714, 12202, 18089, 25414, 92425, 44138, 85965, 48785, 19788, 11771, 85832]"
SMAT602,maths,Rings and Modules,Term 6,"[36615, 22562, 21726, 42537, 53714, 12202, 18089, 25414, 92425, 44138, 85965, 48785, 19788, 11771, 85832]"
SMAT603,maths,Mathematical Finance,Term 6,"[36615, 22562, 21726, 42537, 53714, 12202, 18089, 25414, 92425, 44138, 85965, 48785, 19788, 11771, 85832]"
SMAT604,maths,Algebraic Geometry,Term 6,"[36615, 22562, 21726, 42537, 53714, 12202, 18089, 25414, 92425, 44138, 85965, 48785, 19788, 11771, 85832]"
SMAT605,maths,Dynamical Systems,Term 6,"[36615, 22562, 21726, 42537, 53714, 12202, 18089, 25414, 92425, 44138, 85965, 48785, 19788, 11771, 85832]"
SMAT606,maths,Geometric Topology,Term 6,"[36615, 22562, 21726, 42537, 53714, 12202, 18089, 25414, 92425, 44138, 85965, 48785, 19788, 11771, 85832]"
SMAT701,maths,Homological Algebra,Term 7,"[38197, 86101, 71091, 85833, 55820]"
SMAT702,maths,Complex Variables,Term 7,"[38197, 86101, 71091, 85833, 55820]"
SMAT703,maths,Mathematical Logic,Term 7,"[38197, 86101, 71091, 85833, 55820]"
SMAT704,maths,Quantum Computing,Term 7,"[38197, 86101, 71091, 85833, 55820]"
SMAT705,maths,Stochastic Processes,Term 7,"[38197, 86101, 71091, 85833, 55820]"
SMAT706,maths,Category Theory,Term 7,"[38197, 86101, 71091, 85833, 55820]"
SMAT801,maths,Advanced Topics in Mathematics,Term 8,"[63638, 42185, 48205, 86986, 38821, 20239]"
SMAT802,maths,Mathematics Education,Term 8,"[63638, 42185, 48205, 86986, 38821, 20239]"
SMAT803,maths,Senior Thesis in Mathematics,Term 8,"[63638, 42185, 48205, 86986, 38821, 20239]"
SMAT804,maths,Mathematical Biology,Term 8,"[63638, 42185, 48205, 86986, 38821, 20239]"
SMAT805,maths,Integral Equations,Term 8,"[63638, 42185, 48205, 86986, 38821, 20239]"
SMAT806,maths,Algebraic Topology,Term 8,"[63638, 42185, 48205, 86986, 38821, 20239]"
SPHY101,physics,Mechanics,Term 1,"[14351, 42334, 28005, 13130, 31418, 99544, 49964, 18675, 84610, 71511, 23685]"
SPHY102,physics,Thermodynamics,Term 1,"[14351, 42334, 28005, 13130, 31418, 99544, 49964, 18675, 84610, 71511, 23685]"
SPHY103,physics,Electromagnetism,Term 1,"[14351, 42334, 28005, 13130, 31418, 99544, 49964, 18675, 84610, 71511, 23685]"
SPHY104,physics,Optics,Term 1,"[14351, 42334, 28005, 13130, 31418, 99544, 49964, 18675, 84610, 71511, 23685]"
SPHY105,physics,Modern Physics,Term 1,"[14351, 42334, 28005, 13130, 31418, 99544, 49964, 18675, 84610, 71511, 23685]"
SPHY106,physics,Computational Physics,Term 1,"[14351, 42334, 28005, 13130, 31418, 99544, 49964, 18675, 84610, 71511, 23685]"
SPHY201,physics,Quantum Mechanics I,Term 2,"[55955, 48882, 68949, 10974, 70638, 55198, 11841, 10758, 14993, 40480, 43035, 29321]"
SPHY202,physics,Statistical Mechanics,Term 2,"[55955, 48882, 68949, 10974, 70638, 55198, 11841, 10758, 14993, 40480, 43035, 29321]"
SPHY203,physics,Solid State Physics,Term 2,"[55955, 48882, 68949, 10974, 70638, 55198, 11841, 10758, 14993, 40480, 43035, 29321]"
SPHY204,physics,Nuclear Physics,Term 2,"[55955, 48882, 68949, 10974, 70638, 55198, 11841, 10758, 14993, 40480, 43035, 29321]"
SPHY205,physics,Classical Mechanics,Term 2,"[55955, 48882, 68949, 10974, 70638, 55198, 11841, 10758, 14993, 40480, 43035, 29321]"
SPHY206,physics,Electronics for Physicists,Term 2,"[55955, 48882, 68949, 10974, 70638, 55198, 11841, 10758, 14993, 40480, 43035, 29321]"
SPHY301,physics,Quantum Mechanics II,Term 3,"[87434, 24592, 99086, 28296, 77215, 88693, 21482, 95706, 29549, 10026, 20063, 39974, 41603]"
SPHY302,physics,Particle Physics,Term 3,"[87434, 24592, 99086, 28296, 77215, 88693, 21482, 95706, 29549, 10026, 20063, 39974, 41603]"
SPHY303,physics,Electrodynamics,Term 3,"[87434, 24592, 99086, 28296, 77215, 88693, 21482, 95706, 29549, 10026, 20063, 39974, 41603]"
SPHY304,physics,Relativity,Term 3,"[87434, 24592, 99086, 28296, 77215, 88693, 21482, 95706, 29549, 10026, 20063, 39974, 41603]"
SPHY305,physics,Astrophysics,Term 3,"[87434, 24592, 99086, 28296, 77215, 88693, 21482, 95706, 29549, 10026, 20063, 39974, 41603]"
SPHY306,physics,Experimental Physics,Term 3,"[87434, 24592, 99086, 28296, 77215, 88693, 21482, 95706, 29549, 10026, 20063, 39974, 41603]"
SPHY401,physics,Condensed Matter Physics,Term 4,"[20372, 54388, 14869, 90885, 40599, 83566, 57336, 11537, 53202, 18866, 38336]"
SPHY402,physics,Plasma Physics,Term 4,"[20372, 54388, 14869, 90885, 40599, 83566, 57336, 11537, 53202, 18866, 38336]"
SPHY403,physics,Atomic Physics,Term 4,"[20372, 54388, 14869, 90885, 40599, 83566, 57336, 11537, 53202, 18866, 38336]"
SPHY404,physics,Biophysics,Term 4,"[20372, 54388, 14869, 90885, 40599, 83566, 57336, 11537, 53202, 18866, 38336]"
SPHY405,physics,Quantum Field Theory,Term 4,"[20372, 54388, 14869, 90885, 40599, 83566, 57336, 11537, 53202, 18866, 38336]"
SPHY406,physics,Theoretical Physics,Term 4,"[20372, 54388, 14869, 90885, 40599, 83566, 57336, 11537, 53202, 18866, 38336]"
SPHY501,physics,Advanced Quantum Mechanics,Term 5,"[71083, 96349, 35887, 78369, 41377, 14953, 82755, 69741, 41104]"
SPHY502,physics,Advanced Electrodynamics,Term 5,"[71083, 96349, 35887, 78369, 41377, 14953, 82755, 69741, 41104]"
SPHY503,physics,Quantum Optics,Term 5,"[71083, 96349, 35887, 78369, 41377, 14953, 82755, 69741, 41104]"
SPHY504,physics,Cosmology,Term 5,"[71083, 96349, 35887, 78369, 41377, 14953, 82755, 69741, 41104]"
SPHY505,physics,Laser Physics,Term 5,"[71083, 96349, 35887, 78369, 41377, 14953, 82755, 69741, 41104]"
SPHY506,physics,Nanophysics,Term 5,"[71083, 96349, 35887, 78369, 41377, 14953, 82755, 69741, 41104]"
SPHY601,physics,High Energy Physics,Term 6,"[47201, 91470, 59561, 55876, 56733, 83756, 54716, 88017]"
SPHY602,physics,General Relativity,Term 6,"[47201, 91470, 59561, 55876, 56733, 83756, 54716, 88017]"
SPHY603,physics,Photonics,Term 6,"[47201, 91470, 59561, 55876, 56733, 83756, 54716, 88017]"
SPHY604,physics,Nuclear and Particle Astrophysics,Term 6,"[47201, 91470, 59561, 55876, 56733, 83756, 54716, 88017]"
SPHY605,physics,Nonlinear Dynamics,Term 6,"[47201, 91470, 59561, 55876, 56733, 83756, 54716, 88017]"
SPHY606,physics,Environmental Physics,Term 6,"[47201, 91470, 59561, 55876, 56733, 83756, 54716, 88017]"
SPHY701,physics,Superconductivity,Term 7,"[40684, 27560, 53181, 36758, 55702, 65667, 95608, 40664, 70972]"
SPHY702,physics,Quantum Electronics,Term 7,"[40684, 27560, 53181, 36758, 55702, 65667, 95608, 40664, 70972]"
SPHY703,physics,Astroparticle Physics,Term 7,"[40684, 27560, 53181, 36758, 55702, 65667, 95608, 40664, 70972]"
SPHY704,physics,Fluid Dynamics,Term 7,"[40684, 27560, 53181, 36758, 55702, 65667, 95608, 40664, 70972]"
SPHY705,physics,Space Physics,Term 7,"[40684, 27560, 53181, 36758, 55702, 65667, 95608, 40664, 70972]"
SPHY706,physics,Quantum Information Theory,Term 7,"[40684, 27560, 53181, 36758, 55702, 65667, 95608, 40664, 70972]"
SPHY801,physics,Advanced Topics in Physics,Term 8,"[76371, 98727, 10397, 58592, 21896, 61245, 15874, 33438]"
SPHY802,physics,Physics Education,Term 8,"[76371, 98727, 10397, 58592, 21896, 61245, 15874, 33438]"
SPHY803,physics,Physics Research Project,Term 8,"[76371, 98727, 10397, 58592, 21896, 61245, 15874, 33438]"
SPHY804,physics,Magnetism and Magnetic Materials,Term 8,"[76371, 98727, 10397, 58592, 21896, 61245, 15874, 33438]"
SPHY805,physics,Quantum Computation,Term 8,"[76371, 98727, 10397, 58592, 21896, 61245, 15874, 33438]"
SPHY806,physics,Advanced Statistical Mechanics,Term 8,"[76371, 98727, 10397, 58592, 21896, 61245, 15874, 33438]"
EMAT101,mathsteaching,Foundations of Mathematics Education,Term 1,"[40779, 78743, 65695, 86725, 55373, 24408, 57698, 33863, 44265, 75036, 35523]"
EMAT102,mathsteaching,Teaching Algebra,Term 1,"[40779, 78743, 65695, 86725, 55373, 24408, 57698, 33863, 44265, 75036, 35523]"
EMAT103,mathsteaching,Educational Psychology,Term 1,"[40779, 78743, 65695, 86725, 55373, 24408, 57698, 33863, 44265, 75036, 35523]"
EMAT104,mathsteaching,Curriculum Development,Term 1,"[40779, 78743, 65695, 86725, 55373, 24408, 57698, 33863, 44265, 75036, 35523]"
EMAT105,mathsteaching,Instructional Strategies,Term 1,"[40779, 78743, 65695, 86725, 55373, 24408, 57698, 33863, 44265, 75036, 35523]"
EMAT106,mathsteaching,Assessment in Mathematics Education,Term 1,"[40779, 78743, 65695, 86725, 55373, 24408, 57698, 33863, 44265, 75036, 35523]"
EMAT201,mathsteaching,Teaching Geometry,Term 2,"[36429, 10038, 96489, 37293, 34864, 65617, 59212, 13848, 56685, 11442, 67872]"
EMAT202,mathsteaching,Mathematics and Technology,Term 2,"[36429, 10038, 96489, 37293, 34864, 65617, 59212, 13848, 56685, 11442, 67872]"
EMAT203,mathsteaching,Learning Theories in Mathematics,Term 2,"[36429, 10038, 96489, 37293, 34864, 65617, 59212, 13848, 56685, 11442, 67872]"
EMAT204,mathsteaching,Teaching Statistics and Probability,Term 2,"[36429, 10038, 96489, 37293, 34864, 65617, 59212, 13848, 56685, 11442, 67872]"
EMAT205,mathsteaching,Classroom Management,Term 2,"[36429, 10038, 96489, 37293, 34864, 65617, 59212, 13848, 56685, 11442, 67872]"
EMAT206,mathsteaching,Diversity and Inclusion in Mathematics,Term 2,"[36429, 10038, 96489, 37293, 34864, 65617, 59212, 13848, 56685, 11442, 67872]"
EMAT301,mathsteaching,Advanced Algebra Teaching,Term 3,"[20524, 56682, 13449, 53435, 94959, 36129, 16124, 14881, 69191, 94739, 21029, 37936, 91638]"
EMAT302,mathsteaching,Research Methods in Mathematics Education,Term 3,"[20524, 56682, 13449, 53435, 94959, 36129, 16124, 14881, 69191, 94739, 21029, 37936, 91638]"
EMAT303,mathsteaching,Mathematical Problem Solving,Term 3,"[20524, 56682, 13449, 53435, 94959, 36129, 16124, 14881, 69191, 94739, 21029, 37936, 91638]"
EMAT304,mathsteaching,Teaching Calculus,Term 3,"[20524, 56682, 13449, 53435, 94959, 36129, 16124, 14881, 69191, 94739, 21029, 37936, 91638]"
EMAT305,mathsteaching,Professional Development in Mathematics Education,Term 3,"[20524, 56682, 13449, 53435, 94959, 36129, 16124, 14881, 69191, 94739, 21029, 37936, 91638]"
EMAT306,mathsteaching,Mathematics Curriculum Analysis,Term 3,"[20524, 56682, 13449, 53435, 94959, 36129, 16124, 14881, 69191, 94739, 21029, 37936, 91638]"
EMAT401,mathsteaching,Teaching Mathematics in Middle School,Term 4,"[31392, 58192, 53188, 24448, 25694, 61666, 83951, 82824, 34883, 11891, 87725, 87433, 24040]"
EMAT402,mathsteaching,Teaching Mathematics in High School,Term 4,"[31392, 58192, 53188, 24448, 25694, 61666, 83951, 82824, 34883, 11891, 87725, 87433, 24040]"
EMAT403,mathsteaching,Historical Perspectives in Mathematics Education,Term 4,"[31392, 58192, 53188, 24448, 25694, 61666, 83951, 82824, 34883, 11891, 87725, 87433, 24040]"
EMAT404,mathsteaching,Special Needs in Mathematics Education,Term 4,"[31392, 58192, 53188, 24448, 25694, 61666, 83951, 82824, 34883, 11891, 87725, 87433, 24040]"
EMAT405,mathsteaching,Mathematics Coaching and Leadership,Term 4,"[31392, 58192, 53188, 24448, 25694, 61666, 83951, 82824, 34883, 11891, 87725, 87433, 24040]"
EMAT406,mathsteaching,Mathematics Education Policy,Term 4,"[31392, 58192, 53188, 24448, 25694, 61666, 83951, 82824, 34883, 11891, 87725, 87433, 24040]"
EMAT501,mathsteaching,Assessment Design and Analysis,Term 5,"[72809, 52326, 68799, 69833, 29760, 50488, 55636, 70371, 39520]"
EMAT502,mathsteaching,Mathematical Modelling in Education,Term 5,"[72809, 52326, 68799, 69833, 29760, 50488, 55636, 70371, 39520]"
EMAT503,mathsteaching,Advanced Topics in Mathematics Teaching,Term 5,"[72809, 52326, 68799, 69833, 29760, 50488, 55636, 70371, 39520]"
EMAT504,mathsteaching,Teaching and Learning of Algebraic Thinking,Term 5,"[72809, 52326, 68799, 69833, 29760, 50488, 55636, 70371, 39520]"
EMAT505,mathsteaching,Quantitative Research Methods,Term 5,"[72809, 52326, 68799, 69833, 29760, 50488, 55636, 70371, 39520]"
EMAT506,mathsteaching,Mathematics Teacher Education,Term 5,"[72809, 52326, 68799, 69833, 29760, 50488, 55636, 70371, 39520]"
EMAT601,mathsteaching,Educational Statistics,Term 6,"[34914, 84483, 84123, 92324, 75479, 62308, 87527, 77244, 36166, 49151]"
EMAT602,mathsteaching,Teaching Mathematics with Technology,Term 6,"[34914, 84483, 84123, 92324, 75479, 62308, 87527, 77244, 36166, 49151]"
EMAT603,mathsteaching,Comparative Mathematics Education,Term 6,"[34914, 84483, 84123, 92324, 75479, 62308, 87527, 77244, 36166, 49151]"
EMAT604,mathsteaching,Teaching Mathematics in Diverse Classrooms,Term 6,"[34914, 84483, 84123, 92324, 75479, 62308, 87527, 77244, 36166, 49151]"
EMAT605,mathsteaching,Advanced Geometrical Concepts in Teaching,Term 6,"[34914, 84483, 84123, 92324, 75479, 62308, 87527, 77244, 36166, 49151]"
EMAT606,mathsteaching,Philosophy of Mathematics Education,Term 6,"[34914, 84483, 84123, 92324, 75479, 62308, 87527, 77244, 36166, 49151]"
EMAT701,mathsteaching,Mathematics Education Practicum,Term 7,"[96716, 95291, 97753, 13090, 31776, 98817, 31076, 67074, 36407, 19503, 69919, 96158]"
EMAT702,mathsteaching,Advanced Research in Mathematics Education,Term 7,"[96716, 95291, 97753, 13090, 31776, 98817, 31076, 67074, 36407, 19503, 69919, 96158]"
EMAT703,mathsteaching,International Perspectives in Mathematics Education,Term 7,"[96716, 95291, 97753, 13090, 31776, 98817, 31076, 67074, 36407, 19503, 69919, 96158]"
EMAT704,mathsteaching,STEM Education and Mathematics,Term 7,"[96716, 95291, 97753, 13090, 31776, 98817, 31076, 67074, 36407, 19503, 69919, 96158]"
EMAT705,mathsteaching,Quantitative Reasoning in Mathematics,Term 7,"[96716, 95291, 97753, 13090, 31776, 98817, 31076, 67074, 36407, 19503, 69919, 96158]"
EMAT706,mathsteaching,Teaching Mathematics Through Problem-Based Learning,Term 7,"[96716, 95291, 97753, 13090, 31776, 98817, 31076, 67074, 36407, 19503, 69919, 96158]"
EMAT801,mathsteaching,Capstone Project in Mathematics Education,Term 8,"[47935, 35548, 95921, 80296, 10213, 38544, 55169, 63357]"
EMAT802,mathsteaching,Mathematics Education Seminar,Term 8,"[47935, 35548, 95921, 80296, 10213, 38544, 55169, 63357]"
EMAT803,mathsteaching,Ethics in Mathematics Education,Term 8,"[47935, 35548, 95921, 80296, 10213, 38544, 55169, 63357]"
EMAT804,mathsteaching,Contemporary Issues in Mathematics Education,Term 8,"[47935, 35548, 95921, 80296, 10213, 38544, 55169, 63357]"
EMAT805,mathsteaching,Mathematics Education Leadership,Term 8,"[47935, 35548, 95921, 80296, 10213, 38544, 55169, 63357]"
EMAT806,mathsteaching,Innovations in Mathematics Teaching,Term 8,"[47935, 35548, 95921, 80296, 10213, 38544, 55169, 63357]"
EPHY101,physicsteaching,Introduction to Physics Teaching,Term 1,"[68740, 17623, 91086, 24752, 77474, 69700, 82954, 40460, 69284, 10621, 62108]"
EPHY102,physicsteaching,Teaching Mechanics,Term 1,"[68740, 17623, 91086, 24752, 77474, 69700, 82954, 40460, 69284, 10621, 62108]"
EPHY103,physicsteaching,Physics Curriculum and Instruction,Term 1,"[68740, 17623, 91086, 24752, 77474, 69700, 82954, 40460, 69284, 10621, 62108]"
EPHY104,physicsteaching,Educational Technology in Physics,Term 1,"[68740, 17623, 91086, 24752, 77474, 69700, 82954, 40460, 69284, 10621, 62108]"
EPHY105,physicsteaching,Pedagogical Content Knowledge for Physics,Term 1,"[68740, 17623, 91086, 24752, 77474, 69700, 82954, 40460, 69284, 10621, 62108]"
EPHY106,physicsteaching,Classroom Management in Physics Education,Term 1,"[68740, 17623, 91086, 24752, 77474, 69700, 82954, 40460, 69284, 10621, 62108]"
EPHY201,physicsteaching,Teaching Electromagnetism,Term 2,"[11511, 12788, 82561, 76410, 51330, 38061, 40339, 94075, 92215, 48240]"
EPHY202,physicsteaching,Physics Education Research Methods,Term 2,"[11511, 12788, 82561, 76410, 51330, 38061, 40339, 94075, 92215, 48240]"
EPHY203,physicsteaching,Teaching Modern Physics,Term 2,"[11511, 12788, 82561, 76410, 51330, 38061, 40339, 94075, 92215, 48240]"
EPHY204,physicsteaching,Inquiry-Based Physics Education,Term 2,"[11511, 12788, 82561, 76410, 51330, 38061, 40339, 94075, 92215, 48240]"
EPHY205,physicsteaching,Physics Laboratory Teaching,Term 2,"[11511, 12788, 82561, 76410, 51330, 38061, 40339, 94075, 92215, 48240]"
EPHY206,physicsteaching,Assessment in Physics Education,Term 2,"[11511, 12788, 82561, 76410, 51330, 38061, 40339, 94075, 92215, 48240]"
EPHY301,physicsteaching,Teaching Thermodynamics,Term 3,"[75250, 14805, 68506, 59525, 86228, 88055, 49543, 50947, 66350, 56457, 93187, 77977]"
EPHY302,physicsteaching,Physics Education and Public Understanding,Term 3,"[75250, 14805, 68506, 59525, 86228, 88055, 49543, 50947, 66350, 56457, 93187, 77977]"
EPHY303,physicsteaching,Teaching Physics with Simulations,Term 3,"[75250, 14805, 68506, 59525, 86228, 88055, 49543, 50947, 66350, 56457, 93187, 77977]"
EPHY304,physicsteaching,Advanced Topics in Physics Teaching,Term 3,"[75250, 14805, 68506, 59525, 86228, 88055, 49543, 50947, 66350, 56457, 93187, 77977]"
EPHY305,physicsteaching,Teaching Optics,Term 3,"[75250, 14805, 68506, 59525, 86228, 88055, 49543, 50947, 66350, 56457, 93187, 77977]"
EPHY306,physicsteaching,Physics Learning Theories,Term 3,"[75250, 14805, 68506, 59525, 86228, 88055, 49543, 50947, 66350, 56457, 93187, 77977]"
EPHY401,physicsteaching,Teaching Quantum Physics,Term 4,"[39152, 74685, 70783, 13540, 23800, 77546, 33128, 44515, 36243, 73899]"
EPHY402,physicsteaching,Physics Teacher Professional Development,Term 4,"[39152, 74685, 70783, 13540, 23800, 77546, 33128, 44515, 36243, 73899]"
EPHY403,physicsteaching,Physics Education Policy and Leadership,Term 4,"[39152, 74685, 70783, 13540, 23800, 77546, 33128, 44515, 36243, 73899]"
EPHY404,physicsteaching,Teaching Physics in Middle School,Term 4,"[39152, 74685, 70783, 13540, 23800, 77546, 33128, 44515, 36243, 73899]"
EPHY405,physicsteaching,Teaching Physics in High School,Term 4,"[39152, 74685, 70783, 13540, 23800, 77546, 33128, 44515, 36243, 73899]"
EPHY406,physicsteaching,History and Philosophy of Physics Education,Term 4,"[39152, 74685, 70783, 13540, 23800, 77546, 33128, 44515, 36243, 73899]"
EPHY501,physicsteaching,Advanced Mechanics in Physics Education,Term 5,"[48076, 97723, 74005, 71988, 68948, 52262, 56616, 85217, 26552, 81455, 80174]"
EPHY502,physicsteaching,Teaching Physics Through Experiments,Term 5,"[48076, 97723, 74005, 71988, 68948, 52262, 56616, 85217, 26552, 81455, 80174]"
EPHY503,physicsteaching,STEM Integration in Physics Teaching,Term 5,"[48076, 97723, 74005, 71988, 68948, 52262, 56616, 85217, 26552, 81455, 80174]"
EPHY504,physicsteaching,Physics Education Technology Applications,Term 5,"[48076, 97723, 74005, 71988, 68948, 52262, 56616, 85217, 26552, 81455, 80174]"
EPHY505,physicsteaching,Teaching Nuclear and Particle Physics,Term 5,"[48076, 97723, 74005, 71988, 68948, 52262, 56616, 85217, 26552, 81455, 80174]"
EPHY506,physicsteaching,Project-Based Learning in Physics,Term 5,"[48076, 97723, 74005, 71988, 68948, 52262, 56616, 85217, 26552, 81455, 80174]"
EPHY601,physicsteaching,Physics Education Practicum,Term 6,"[58935, 56280, 39800, 11134, 31168, 68436, 43509, 54073]"
EPHY602,physicsteaching,Teaching Astrophysics,Term 6,"[58935, 56280, 39800, 11134, 31168, 68436, 43509, 54073]"
EPHY603,physicsteaching,Environmental Physics Education,Term 6,"[58935, 56280, 39800, 11134, 31168, 68436, 43509, 54073]"
EPHY604,physicsteaching,Physics Outreach and Communication,Term 6,"[58935, 56280, 39800, 11134, 31168, 68436, 43509, 54073]"
EPHY605,physicsteaching,Physics Education Seminar,Term 6,"[58935, 56280, 39800, 11134, 31168, 68436, 43509, 54073]"
EPHY606,physicsteaching,Advanced Research in Physics Teaching,Term 6,"[58935, 56280, 39800, 11134, 31168, 68436, 43509, 54073]"
EPHY701,physicsteaching,Physics Education Capstone Project,Term 7,"[72677, 32044, 13259, 52584, 98002, 85671, 27009, 79919, 73652, 34646, 82646, 69706, 24175, 99418]"
EPHY702,physicsteaching,Physics Education in Informal Settings,Term 7,"[72677, 32044, 13259, 52584, 98002, 85671, 27009, 79919, 73652, 34646, 82646, 69706, 24175, 99418]"
EPHY703,physicsteaching,Physics Education and Society,Term 7,"[72677, 32044, 13259, 52584, 98002, 85671, 27009, 79919, 73652, 34646, 82646, 69706, 24175, 99418]"
EPHY704,physicsteaching,Contemporary Issues in Physics Education,Term 7,"[72677, 32044, 13259, 52584, 98002, 85671, 27009, 79919, 73652, 34646, 82646, 69706, 24175, 99418]"
EPHY705,physicsteaching,Physics Teacher Mentorship,Term 7,"[72677, 32044, 13259, 52584, 98002, 85671, 27009, 79919, 73652, 34646, 82646, 69706, 24175, 99418]"
EPHY706,physicsteaching,Physics Education and Global Challenges,Term 7,"[72677, 32044, 13259, 52584, 98002, 85671, 27009, 79919, 73652, 34646, 82646, 69706, 24175, 99418]"
EPHY801,physicsteaching,Physics Education Internship,Term 8,"[11768, 67507, 69051, 74755, 90233, 96681, 35665, 37457, 38397, 53121, 27703, 31372, 28647]"
EPHY802,physicsteaching,Advanced Laboratory Techniques in Physics Teaching,Term 8,"[11768, 67507, 69051, 74755, 90233, 96681, 35665, 37457, 38397, 53121, 27703, 31372, 28647]"
EPHY803,physicsteaching,Physics Education and Diversity,Term 8,"[11768, 67507, 69051, 74755, 90233, 96681, 35665, 37457, 38397, 53121, 27703, 31372, 28647]"
EPHY804,physicsteaching,Physics Education and Assessment,Term 8,"[11768, 67507, 69051, 74755, 90233, 96681, 35665, 37457, 38397, 53121, 27703, 31372, 28647]"
EPHY805,physicsteaching,Innovative Teaching Strategies in Physics,Term 8,"[11768, 67507, 69051, 74755, 90233, 96681, 35665, 37457, 38397, 53121, 27703, 31372, 28647]"
EPHY806,physicsteaching,Physics Education Thesis,Term 8,"[11768, 67507, 69051, 74755, 90233, 96681, 35665, 37457, 38397, 53121, 27703, 31372, 28647]"
ELIT101,literatureteaching,Foundations of Literature Education,Term 1,"[97571, 10114, 75580, 20128, 34175, 23616, 69897, 72916, 38706, 21097, 41597, 60643, 36380, 74224]"
ELIT102,literatureteaching,Teaching Poetry,Term 1,"[97571, 10114, 75580, 20128, 34175, 23616, 69897, 72916, 38706, 21097, 41597, 60643, 36380, 74224]"
ELIT103,literatureteaching,Literature and Society,Term 1,"[97571, 10114, 75580, 20128, 34175, 23616, 69897, 72916, 38706, 21097, 41597, 60643, 36380, 74224]"
ELIT104,literatureteaching,Instructional Strategies in Literature,Term 1,"[97571, 10114, 75580, 20128, 34175, 23616, 69897, 72916, 38706, 21097, 41597, 60643, 36380, 74224]"
ELIT105,literatureteaching,Adolescent Literature,Term 1,"[97571, 10114, 75580, 20128, 34175, 23616, 69897, 72916, 38706, 21097, 41597, 60643, 36380, 74224]"
ELIT106,literatureteaching,Literature Curriculum Development,Term 1,"[97571, 10114, 75580, 20128, 34175, 23616, 69897, 72916, 38706, 21097, 41597, 60643, 36380, 74224]"
ELIT201,literatureteaching,Teaching Prose and Fiction,Term 2,"[31917, 93288, 24475, 56921, 43402, 81925, 20912, 43418, 51619, 46012, 85853, 96218, 74691, 62697]"
ELIT202,literatureteaching,Literature Education Research Methods,Term 2,"[31917, 93288, 24475, 56921, 43402, 81925, 20912, 43418, 51619, 46012, 85853, 96218, 74691, 62697]"
ELIT203,literatureteaching,Teaching Drama and Theater,Term 2,"[31917, 93288, 24475, 56921, 43402, 81925, 20912, 43418, 51619, 46012, 85853, 96218, 74691, 62697]"
ELIT204,literatureteaching,Literature Education and Technology,Term 2,"[31917, 93288, 24475, 56921, 43402, 81925, 20912, 43418, 51619, 46012, 85853, 96218, 74691, 62697]"
ELIT205,literatureteaching,Literature in Diverse Classrooms,Term 2,"[31917, 93288, 24475, 56921, 43402, 81925, 20912, 43418, 51619, 46012, 85853, 96218, 74691, 62697]"
ELIT206,literatureteaching,Assessment in Literature Education,Term 2,"[31917, 93288, 24475, 56921, 43402, 81925, 20912, 43418, 51619, 46012, 85853, 96218, 74691, 62697]"
ELIT301,literatureteaching,Teaching World Literature,Term 3,"[51677, 91541, 66090, 61435, 75430, 31832, 21813, 83707, 87210, 91100, 39552]"
ELIT302,literatureteaching,Childrenâ€™s Literature in Education,Term 3,"[51677, 91541, 66090, 61435, 75430, 31832, 21813, 83707, 87210, 91100, 39552]"
ELIT303,literatureteaching,Literature Education Policy and Leadership,Term 3,"[51677, 91541, 66090, 61435, 75430, 31832, 21813, 83707, 87210, 91100, 39552]"
ELIT304,literatureteaching,Literary Theory and Criticism in Education,Term 3,"[51677, 91541, 66090, 61435, 75430, 31832, 21813, 83707, 87210, 91100, 39552]"
ELIT305,literatureteaching,Creative Writing in Teaching,Term 3,"[51677, 91541, 66090, 61435, 75430, 31832, 21813, 83707, 87210, 91100, 39552]"
ELIT306,literatureteaching,Literature Education and Public Understanding,Term 3,"[51677, 91541, 66090, 61435, 75430, 31832, 21813, 83707, 87210, 91100, 39552]"
ELIT401,literatureteaching,Teaching American Literature,Term 4,"[87282, 85672, 57151, 46592, 24753, 40243, 36352, 64192, 28218, 32074, 67781, 72703, 50559, 95732]"
ELIT402,literatureteaching,Teaching British Literature,Term 4,"[87282, 85672, 57151, 46592, 24753, 40243, 36352, 64192, 28218, 32074, 67781, 72703, 50559, 95732]"
ELIT403,literatureteaching,Literature Education and Ethics,Term 4,"[87282, 85672, 57151, 46592, 24753, 40243, 36352, 64192, 28218, 32074, 67781, 72703, 50559, 95732]"
ELIT404,literatureteaching,Comparative Literature in Education,Term 4,"[87282, 85672, 57151, 46592, 24753, 40243, 36352, 64192, 28218, 32074, 67781, 72703, 50559, 95732]"
ELIT405,literatureteaching,Young Adult Literature,Term 4,"[87282, 85672, 57151, 46592, 24753, 40243, 36352, 64192, 28218, 32074, 67781, 72703, 50559, 95732]"
ELIT406,literatureteaching,Literature Education Practicum,Term 4,"[87282, 85672, 57151, 46592, 24753, 40243, 36352, 64192, 28218, 32074, 67781, 72703, 50559, 95732]"
ELIT501,literatureteaching,Teaching Non-Western Literature,Term 5,"[93876, 44638, 75648, 86914, 67837, 11800]"
ELIT502,literatureteaching,Advanced Topics in Literature Teaching,Term 5,"[93876, 44638, 75648, 86914, 67837, 11800]"
ELIT503,literatureteaching,Literature Education and Global Perspectives,Term 5,"[93876, 44638, 75648, 86914, 67837, 11800]"
ELIT504,literatureteaching,Teaching Literature Through Film,Term 5,"[93876, 44638, 75648, 86914, 67837, 11800]"
ELIT505,literatureteaching,Contemporary Literature in Education,Term 5,"[93876, 44638, 75648, 86914, 67837, 11800]"
ELIT506,literatureteaching,Literature Education Seminar,Term 5,"[93876, 44638, 75648, 86914, 67837, 11800]"
ELIT601,literatureteaching,Literature Education Research Project,Term 6,"[10367, 82956, 15643, 63564, 57194, 79464, 37722, 31164, 27280, 34182, 39123, 43732, 41746, 75716]"
ELIT602,literatureteaching,Teaching Shakespeare,Term 6,"[10367, 82956, 15643, 63564, 57194, 79464, 37722, 31164, 27280, 34182, 39123, 43732, 41746, 75716]"
ELIT603,literatureteaching,Multimodal Literacies in Literature Education,Term 6,"[10367, 82956, 15643, 63564, 57194, 79464, 37722, 31164, 27280, 34182, 39123, 43732, 41746, 75716]"
ELIT604,literatureteaching,Literature Education and Social Justice,Term 6,"[10367, 82956, 15643, 63564, 57194, 79464, 37722, 31164, 27280, 34182, 39123, 43732, 41746, 75716]"
ELIT605,literatureteaching,Teaching Literature to English Language Learners,Term 6,"[10367, 82956, 15643, 63564, 57194, 79464, 37722, 31164, 27280, 34182, 39123, 43732, 41746, 75716]"
ELIT606,literatureteaching,Literature Education Capstone Project,Term 6,"[10367, 82956, 15643, 63564, 57194, 79464, 37722, 31164, 27280, 34182, 39123, 43732, 41746, 75716]"
ELIT701,literatureteaching,Literature Education and Special Needs,Term 7,"[61270, 67368, 99301, 88400, 24400, 94449, 64822, 60819]"
ELIT702,literatureteaching,Teaching Literary Genres,Term 7,"[61270, 67368, 99301, 88400, 24400, 94449, 64822, 60819]"
ELIT703,literatureteaching,Literature Education and Critical Pedagogy,Term 7,"[61270, 67368, 99301, 88400, 24400, 94449, 64822, 60819]"
ELIT704,literatureteaching,Digital Humanities in Literature Education,Term 7,"[61270, 67368, 99301, 88400, 24400, 94449, 64822, 60819]"
ELIT705,literatureteaching,Teaching Literary Analysis,Term 7,"[61270, 67368, 99301, 88400, 24400, 94449, 64822, 60819]"
ELIT706,literatureteaching,Literature Education Policy Analysis,Term 7,"[61270, 67368, 99301, 88400, 24400, 94449, 64822, 60819]"
ELIT801,literatureteaching,Literature Education Thesis,Term 8,"[86709, 43904, 19556, 23694, 57551, 52119, 12395, 64187, 47381, 69526, 17076, 65247, 65286]"
ELIT802,literatureteaching,Advanced Literary Theories in Education,Term 8,"[86709, 43904, 19556, 23694, 57551, 52119, 12395, 64187, 47381, 69526, 17076, 65247, 65286]"
ELIT803,literatureteaching,Teaching Literature and Media,Term 8,"[86709, 43904, 19556, 23694, 57551, 52119, 12395, 64187, 47381, 69526, 17076, 65247, 65286]"
ELIT804,literatureteaching,Literature Education Internship,Term 8,"[86709, 43904, 19556, 23694, 57551, 52119, 12395, 64187, 47381, 69526, 17076, 65247, 65286]"
ELIT805,literatureteaching,Contemporary Issues in Literature Education,Term 8,"[86709, 43904, 19556, 23694, 57551, 52119, 12395, 64187, 47381, 69526, 17076, 65247, 65286]"
ELIT806,literatureteaching,Literature Education and Community Engagement,Term 8,"[86709, 43904, 19556, 23694, 57551, 52119, 12395, 64187, 47381, 69526, 17076, 65247, 65286]"
