Student_ID,Name,Average,Department,Term,Registered_Courses
20871,Eugene Morris,97.65,civil,Term 4,"['ECIV401', 'ECIV402', 'ECIV403', 'ECIV404', 'ECIV405', 'ECIV406']"
59398,Shawn Shea,76.52,psychology,Term 8,"['SPSY801', 'SPSY802', 'SPSY803', 'SPSY804', 'SPSY805', 'SPSY806']"
68506,Nicole Rodgers,61.62,physicsteaching,Term 3,"['EPHY301', 'EPHY302', 'EPHY303', 'EPHY304', 'EPHY305', 'EPHY306']"
14881,Elijah Hall,88.15,mathsteaching,Term 3,"['EMAT301', 'EMAT302', 'EMAT303', 'EMAT304', 'EMAT305', 'EMAT306']"
91247,Breanna Kane,65.63,electronics,Term 4,"['EELE401', 'EELE402', 'EELE403', 'EELE404', 'EELE405', 'EELE406']"
20277,Ashley Rogers,91.79,maths,Term 2,"['SMAT201', 'SMAT202', 'SMAT203', 'SMAT204', 'SMAT205', 'SMAT206']"
54388,Heather Cruz DDS,69.14,physics,Term 4,"['SPHY401', 'SPHY402', 'SPHY403', 'SPHY404', 'SPHY405', 'SPHY406']"
67507,Kristen Williams,74.69,physicsteaching,Term 8,"['EPHY801', 'EPHY802', 'EPHY803', 'EPHY804', 'EPHY805', 'EPHY806']"
51575,Debra Martinez,78.19,electronics,Term 5,"['EELE501', 'EELE502', 'EELE503', 'EELE504', 'EELE505', 'EELE506']"
83756,Richard Pennington,64.08,physics,Term 6,"['SPHY601', 'SPHY602', 'SPHY603', 'SPHY604', 'SPHY605', 'SPHY606']"
88400,Jared Marks,64.32,literatureteaching,Term 7,"['ELIT701', 'ELIT702', 'ELIT703', 'ELIT704', 'ELIT705', 'ELIT706']"
88199,Thomas Brown,78.51,psychology,Term 6,"['SPSY601', 'SPSY602', 'SPSY603', 'SPSY604', 'SPSY605', 'SPSY606']"
12938,Renee Moore,60.49,computer,Term 5,"['ECOM501', 'ECOM502', 'ECOM503', 'ECOM504', 'ECOM505', 'ECOM506']"
25249,Kathleen Rice,91.81,electronics,Term 1,"['EELE101', 'EELE102', 'EELE103', 'EELE104', 'EELE105', 'EELE106']"
20128,Michael Smith,74.68,literatureteaching,Term 1,"['ELIT101', 'ELIT102', 'ELIT103', 'ELIT104', 'ELIT105', 'ELIT106']"
97753,Allison Rodriguez,63.83,mathsteaching,Term 7,"['EMAT701', 'EMAT702', 'EMAT703', 'EMAT704', 'EMAT705', 'EMAT706']"
17623,Robin Jackson,79.52,physicsteaching,Term 1,"['EPHY101', 'EPHY102', 'EPHY103', 'EPHY104', 'EPHY105', 'EPHY106']"
44182,Brittney Ramirez,75.34,computer,Term 7,"['ECOM701', 'ECOM702', 'ECOM703', 'ECOM704', 'ECOM705', 'ECOM706']"
97571,Thomas Stanley,79.78,literatureteaching,Term 1,"['ELIT101', 'ELIT102', 'ELIT103', 'ELIT104', 'ELIT105', 'ELIT106']"
11768,Michele Hall,69.97,physicsteaching,Term 8,"['EPHY801', 'EPHY802', 'EPHY803', 'EPHY804', 'EPHY805', 'EPHY806']"
95732,James Smith,77.14,literatureteaching,Term 4,"['ELIT401', 'ELIT402', 'ELIT403', 'ELIT404', 'ELIT405', 'ELIT406']"
44465,Rodney Parsons,86.58,electronics,Term 5,"['EELE501', 'EELE502', 'EELE503', 'EELE504', 'EELE505', 'EELE506']"
44991,Renee Jenkins,98.75,computer,Term 3,"['ECOM301', 'ECOM302', 'ECOM303', 'ECOM304', 'ECOM305', 'ECOM306']"
73921,Robert Fox,98.07,electronics,Term 4,"['EELE401', 'EELE402', 'EELE403', 'EELE404', 'EELE405', 'EELE406']"
36758,Melissa Shelton,75.48,physics,Term 7,"['SPHY701', 'SPHY702', 'SPHY703', 'SPHY704', 'SPHY705', 'SPHY706']"
94739,Norma Guerrero,89.14,mathsteaching,Term 3,"['EMAT301', 'EMAT302', 'EMAT303', 'EMAT304', 'EMAT305', 'EMAT306']"
10367,Jonathan Liu,72.57,literatureteaching,Term 6,"['ELIT601', 'ELIT602', 'ELIT603', 'ELIT604', 'ELIT605', 'ELIT606']"
66916,Gina Rivera,92.03,maths,Term 4,"['SMAT401', 'SMAT402', 'SMAT403', 'SMAT404', 'SMAT405', 'SMAT406']"
76868,Christina Raymond,63.58,maths,Term 1,"['SMAT101', 'SMAT102', 'SMAT103', 'SMAT104', 'SMAT105', 'SMAT106']"
68948,Adrian Lozano,67.94,physicsteaching,Term 5,"['EPHY501', 'EPHY502', 'EPHY503', 'EPHY504', 'EPHY505', 'EPHY506']"
62033,Tanya Rowe,99.39,computer,Term 2,"['ECOM201', 'ECOM202', 'ECOM203', 'ECOM204', 'ECOM205', 'ECOM206']"
34175,Richard Petersen,72.7,literatureteaching,Term 1,"['ELIT101', 'ELIT102', 'ELIT103', 'ELIT104', 'ELIT105', 'ELIT106']"
66119,Alan Salinas,95.97,civil,Term 2,"['ECIV201', 'ECIV202', 'ECIV203', 'ECIV204', 'ECIV205', 'ECIV206']"
55889,Lisa Parker,68.35,maths,Term 5,"['SMAT501', 'SMAT502', 'SMAT503', 'SMAT504', 'SMAT505', 'SMAT506']"
88017,Tom Roberts,78.01,physics,Term 6,"['SPHY601', 'SPHY602', 'SPHY603', 'SPHY604', 'SPHY605', 'SPHY606']"
68949,Madison Gonzales,81.07,physics,Term 2,"['SPHY201', 'SPHY202', 'SPHY203', 'SPHY204', 'SPHY205', 'SPHY206']"
57453,James Lyons,81.81,maths,Term 3,"['SMAT301', 'SMAT302', 'SMAT303', 'SMAT304', 'SMAT305', 'SMAT306']"
92985,Ryan Sanchez,73.95,computer,Term 7,"['ECOM701', 'ECOM702', 'ECOM703', 'ECOM704', 'ECOM705', 'ECOM706']"
98797,Ronnie Stokes,86.06,psychology,Term 8,"['SPSY801', 'SPSY802', 'SPSY803', 'SPSY804', 'SPSY805', 'SPSY806']"
43402,Robert Rodriguez,71.63,literatureteaching,Term 2,"['ELIT201', 'ELIT202', 'ELIT203', 'ELIT204', 'ELIT205', 'ELIT206']"
10621,Michael Kennedy,94.66,physicsteaching,Term 1,"['EPHY101', 'EPHY102', 'EPHY103', 'EPHY104', 'EPHY105', 'EPHY106']"
78330,Johnny Robinson,98.42,electronics,Term 5,"['EELE501', 'EELE502', 'EELE503', 'EELE504', 'EELE505', 'EELE506']"
91470,Sabrina Mathews,87.91,physics,Term 6,"['SPHY601', 'SPHY602', 'SPHY603', 'SPHY604', 'SPHY605', 'SPHY606']"
38155,Todd Hahn,77.55,psychology,Term 3,"['SPSY301', 'SPSY302', 'SPSY303', 'SPSY304', 'SPSY305', 'SPSY306']"
82561,Brandon Dennis,97.74,physicsteaching,Term 2,"['EPHY201', 'EPHY202', 'EPHY203', 'EPHY204', 'EPHY205', 'EPHY206']"
36129,Crystal Thompson,62.88,mathsteaching,Term 3,"['EMAT301', 'EMAT302', 'EMAT303', 'EMAT304', 'EMAT305', 'EMAT306']"
25899,Jennifer Vincent,70.72,computer,Term 2,"['ECOM201', 'ECOM202', 'ECOM203', 'ECOM204', 'ECOM205', 'ECOM206']"
96621,Sara Peterson,97.89,psychology,Term 4,"['SPSY401', 'SPSY402', 'SPSY403', 'SPSY404', 'SPSY405', 'SPSY406']"
86914,Morgan Knight,88.96,literatureteaching,Term 5,"['ELIT501', 'ELIT502', 'ELIT503', 'ELIT504', 'ELIT505', 'ELIT506']"
42406,Antonio Bush,82.18,maths,Term 3,"['SMAT301', 'SMAT302', 'SMAT303', 'SMAT304', 'SMAT305', 'SMAT306']"
55598,Alexandra Fischer,68.02,electronics,Term 6,"['EELE601', 'EELE602', 'EELE603', 'EELE604', 'EELE605', 'EELE606']"
24400,Holly Herrera,61.51,literatureteaching,Term 7,"['ELIT701', 'ELIT702', 'ELIT703', 'ELIT704', 'ELIT705', 'ELIT706']"
85672,Laura Moore,76.17,literatureteaching,Term 4,"['ELIT401', 'ELIT402', 'ELIT403', 'ELIT404', 'ELIT405', 'ELIT406']"
36166,Scott Hughes,83.27,mathsteaching,Term 6,"['EMAT601', 'EMAT602', 'EMAT603', 'EMAT604', 'EMAT605', 'EMAT606']"
28005,Richard Kane,92.79,physics,Term 1,"['SPHY101', 'SPHY102', 'SPHY103', 'SPHY104', 'SPHY105', 'SPHY106']"
99301,Jeanne Wilkerson,87.98,literatureteaching,Term 7,"['ELIT701', 'ELIT702', 'ELIT703', 'ELIT704', 'ELIT705', 'ELIT706']"
86709,Mark Castro,75.23,literatureteaching,Term 8,"['ELIT801', 'ELIT802', 'ELIT803', 'ELIT804', 'ELIT805', 'ELIT806']"
20239,Nicole Owens,98.56,maths,Term 8,"['SMAT801', 'SMAT802', 'SMAT803', 'SMAT804', 'SMAT805', 'SMAT806']"
32074,Natalie Wells,73.68,literatureteaching,Term 4,"['ELIT401', 'ELIT402', 'ELIT403', 'ELIT404', 'ELIT405', 'ELIT406']"
21726,Sean Hart,60.0,maths,Term 6,"['SMAT601', 'SMAT602', 'SMAT603', 'SMAT604', 'SMAT605', 'SMAT606']"
70721,Kenneth Cox,62.6,psychology,Term 6,"['SPSY601', 'SPSY602', 'SPSY603', 'SPSY604', 'SPSY605', 'SPSY606']"
76070,Kimberly Cox,90.42,psychology,Term 7,"['SPSY701', 'SPSY702', 'SPSY703', 'SPSY704', 'SPSY705', 'SPSY706']"
47201,Jamie Ortega,60.43,physics,Term 6,"['SPHY601', 'SPHY602', 'SPHY603', 'SPHY604', 'SPHY605', 'SPHY606']"
29223,Jessica Munoz,60.97,electronics,Term 3,"['EELE301', 'EELE302', 'EELE303', 'EELE304', 'EELE305', 'EELE306']"
11750,Sarah Williams,71.25,civil,Term 6,"['ECIV601', 'ECIV602', 'ECIV603', 'ECIV604', 'ECIV605', 'ECIV606']"
59240,Jessica Roberts,92.64,civil,Term 3,"['ECIV301', 'ECIV302', 'ECIV303', 'ECIV304', 'ECIV305', 'ECIV306']"
27280,Jennifer Hall,88.42,literatureteaching,Term 6,"['ELIT601', 'ELIT602', 'ELIT603', 'ELIT604', 'ELIT605', 'ELIT606']"
37377,Carol Carroll,65.66,civil,Term 8,"['ECIV801', 'ECIV802', 'ECIV803', 'ECIV804', 'ECIV805', 'ECIV806']"
66090,Michele Henderson,89.82,literatureteaching,Term 3,"['ELIT301', 'ELIT302', 'ELIT303', 'ELIT304', 'ELIT305', 'ELIT306']"
38336,Christine Baxter,60.23,physics,Term 4,"['SPHY401', 'SPHY402', 'SPHY403', 'SPHY404', 'SPHY405', 'SPHY406']"
91638,Carlos Jackson,85.63,mathsteaching,Term 3,"['EMAT301', 'EMAT302', 'EMAT303', 'EMAT304', 'EMAT305', 'EMAT306']"
70371,Deborah Bryan,70.5,mathsteaching,Term 5,"['EMAT501', 'EMAT502', 'EMAT503', 'EMAT504', 'EMAT505', 'EMAT506']"
29963,Mr. Troy Nelson Jr.,98.15,civil,Term 6,"['ECIV601', 'ECIV602', 'ECIV603', 'ECIV604', 'ECIV605', 'ECIV606']"
48882,Gregory Horton,77.28,physics,Term 2,"['SPHY201', 'SPHY202', 'SPHY203', 'SPHY204', 'SPHY205', 'SPHY206']"
88693,Ronald Stewart,79.66,physics,Term 3,"['SPHY301', 'SPHY302', 'SPHY303', 'SPHY304', 'SPHY305', 'SPHY306']"
41293,Misty Jordan,66.63,civil,Term 3,"['ECIV301', 'ECIV302', 'ECIV303', 'ECIV304', 'ECIV305', 'ECIV306']"
61593,Bryan Hall,88.59,psychology,Term 5,"['SPSY501', 'SPSY502', 'SPSY503', 'SPSY504', 'SPSY505', 'SPSY506']"
87859,Ronald Freeman MD,78.48,computer,Term 2,"['ECOM201', 'ECOM202', 'ECOM203', 'ECOM204', 'ECOM205', 'ECOM206']"
36352,Megan Hobbs,68.07,literatureteaching,Term 4,"['ELIT401', 'ELIT402', 'ELIT403', 'ELIT404', 'ELIT405', 'ELIT406']"
36373,Timothy Johnson,95.16,electronics,Term 1,"['EELE101', 'EELE102', 'EELE103', 'EELE104', 'EELE105', 'EELE106']"
87505,Betty Duke,73.62,psychology,Term 8,"['SPSY801', 'SPSY802', 'SPSY803', 'SPSY804', 'SPSY805', 'SPSY806']"
61270,Adam Lopez,86.36,literatureteaching,Term 7,"['ELIT701', 'ELIT702', 'ELIT703', 'ELIT704', 'ELIT705', 'ELIT706']"
31372,Darrell Montoya,79.2,physicsteaching,Term 8,"['EPHY801', 'EPHY802', 'EPHY803', 'EPHY804', 'EPHY805', 'EPHY806']"
98817,Diana Sosa,98.32,mathsteaching,Term 7,"['EMAT701', 'EMAT702', 'EMAT703', 'EMAT704', 'EMAT705', 'EMAT706']"
24848,Ms. Crystal Velazquez,74.37,civil,Term 7,"['ECIV701', 'ECIV702', 'ECIV703', 'ECIV704', 'ECIV705', 'ECIV706']"
53502,Erik Walker,68.32,civil,Term 2,"['ECIV201', 'ECIV202', 'ECIV203', 'ECIV204', 'ECIV205', 'ECIV206']"
29321,Alicia Webb,91.24,physics,Term 2,"['SPHY201', 'SPHY202', 'SPHY203', 'SPHY204', 'SPHY205', 'SPHY206']"
77169,Jessica Montgomery,73.9,electronics,Term 8,"['EELE801', 'EELE802', 'EELE803', 'EELE804', 'EELE805', 'EELE806']"
11841,Christopher Parsons,80.19,physics,Term 2,"['SPHY201', 'SPHY202', 'SPHY203', 'SPHY204', 'SPHY205', 'SPHY206']"
35523,Nicole Logan,69.47,mathsteaching,Term 1,"['EMAT101', 'EMAT102', 'EMAT103', 'EMAT104', 'EMAT105', 'EMAT106']"
73899,Lauren Lee,61.37,physicsteaching,Term 4,"['EPHY401', 'EPHY402', 'EPHY403', 'EPHY404', 'EPHY405', 'EPHY406']"
64739,Mary Henry,92.15,electronics,Term 4,"['EELE401', 'EELE402', 'EELE403', 'EELE404', 'EELE405', 'EELE406']"
48610,Joy Wilson,81.5,civil,Term 7,"['ECIV701', 'ECIV702', 'ECIV703', 'ECIV704', 'ECIV705', 'ECIV706']"
30690,James Allison,74.13,civil,Term 6,"['ECIV601', 'ECIV602', 'ECIV603', 'ECIV604', 'ECIV605', 'ECIV606']"
42537,Christopher Duran,89.62,maths,Term 6,"['SMAT601', 'SMAT602', 'SMAT603', 'SMAT604', 'SMAT605', 'SMAT606']"
77474,Rachel Jackson,99.13,physicsteaching,Term 1,"['EPHY101', 'EPHY102', 'EPHY103', 'EPHY104', 'EPHY105', 'EPHY106']"
11607,Brian Moore,70.58,electronics,Term 6,"['EELE601', 'EELE602', 'EELE603', 'EELE604', 'EELE605', 'EELE606']"
10907,Ashley Hunter,81.67,electronics,Term 3,"['EELE301', 'EELE302', 'EELE303', 'EELE304', 'EELE305', 'EELE306']"
64130,Susan James,81.76,civil,Term 8,"['ECIV801', 'ECIV802', 'ECIV803', 'ECIV804', 'ECIV805', 'ECIV806']"
36914,Gerald Kelly,98.52,maths,Term 5,"['SMAT501', 'SMAT502', 'SMAT503', 'SMAT504', 'SMAT505', 'SMAT506']"
55006,Kathleen Clark,96.17,civil,Term 7,"['ECIV701', 'ECIV702', 'ECIV703', 'ECIV704', 'ECIV705', 'ECIV706']"
14063,Jason Nguyen,70.25,computer,Term 2,"['ECOM201', 'ECOM202', 'ECOM203', 'ECOM204', 'ECOM205', 'ECOM206']"
52313,Matthew Sullivan,92.1,electronics,Term 5,"['EELE501', 'EELE502', 'EELE503', 'EELE504', 'EELE505', 'EELE506']"
74224,Kelly Hill,80.91,literatureteaching,Term 1,"['ELIT101', 'ELIT102', 'ELIT103', 'ELIT104', 'ELIT105', 'ELIT106']"
84483,Bianca Perry,69.89,mathsteaching,Term 6,"['EMAT601', 'EMAT602', 'EMAT603', 'EMAT604', 'EMAT605', 'EMAT606']"
59212,Lawrence Krause,64.19,mathsteaching,Term 2,"['EMAT201', 'EMAT202', 'EMAT203', 'EMAT204', 'EMAT205', 'EMAT206']"
80603,Chad Brown,80.49,computer,Term 2,"['ECOM201', 'ECOM202', 'ECOM203', 'ECOM204', 'ECOM205', 'ECOM206']"
67781,Lucas Cunningham,70.53,literatureteaching,Term 4,"['ELIT401', 'ELIT402', 'ELIT403', 'ELIT404', 'ELIT405', 'ELIT406']"
67074,Leslie Thompson,70.16,mathsteaching,Term 7,"['EMAT701', 'EMAT702', 'EMAT703', 'EMAT704', 'EMAT705', 'EMAT706']"
49244,Kaitlyn Miller,84.64,civil,Term 4,"['ECIV401', 'ECIV402', 'ECIV403', 'ECIV404', 'ECIV405', 'ECIV406']"
47935,Jennifer Smith,88.5,mathsteaching,Term 8,"['EMAT801', 'EMAT802', 'EMAT803', 'EMAT804', 'EMAT805', 'EMAT806']"
49980,John Murray,91.29,psychology,Term 4,"['SPSY401', 'SPSY402', 'SPSY403', 'SPSY404', 'SPSY405', 'SPSY406']"
25552,Caroline Arnold,80.42,psychology,Term 5,"['SPSY501', 'SPSY502', 'SPSY503', 'SPSY504', 'SPSY505', 'SPSY506']"
95901,Gregory Warren,91.0,electronics,Term 6,"['EELE601', 'EELE602', 'EELE603', 'EELE604', 'EELE605', 'EELE606']"
19691,Dana Townsend,91.83,psychology,Term 6,"['SPSY601', 'SPSY602', 'SPSY603', 'SPSY604', 'SPSY605', 'SPSY606']"
36717,Heather Miller DVM,73.49,civil,Term 5,"['ECIV501', 'ECIV502', 'ECIV503', 'ECIV504', 'ECIV505', 'ECIV506']"
95391,Douglas Johnson,88.19,computer,Term 5,"['ECOM501', 'ECOM502', 'ECOM503', 'ECOM504', 'ECOM505', 'ECOM506']"
61666,Amanda Ford,70.23,mathsteaching,Term 4,"['EMAT401', 'EMAT402', 'EMAT403', 'EMAT404', 'EMAT405', 'EMAT406']"
79787,Jill Lee,66.42,psychology,Term 3,"['SPSY301', 'SPSY302', 'SPSY303', 'SPSY304', 'SPSY305', 'SPSY306']"
28218,Michael Bradshaw,68.71,literatureteaching,Term 4,"['ELIT401', 'ELIT402', 'ELIT403', 'ELIT404', 'ELIT405', 'ELIT406']"
13259,David Gibbs,71.43,physicsteaching,Term 7,"['EPHY701', 'EPHY702', 'EPHY703', 'EPHY704', 'EPHY705', 'EPHY706']"
35797,Michael Lewis,70.93,computer,Term 6,"['ECOM601', 'ECOM602', 'ECOM603', 'ECOM604', 'ECOM605', 'ECOM606']"
24040,Lisa Snyder,79.68,mathsteaching,Term 4,"['EMAT401', 'EMAT402', 'EMAT403', 'EMAT404', 'EMAT405', 'EMAT406']"
85406,Tiffany Cowan,93.98,electronics,Term 5,"['EELE501', 'EELE502', 'EELE503', 'EELE504', 'EELE505', 'EELE506']"
69700,Kevin Davis,91.9,physicsteaching,Term 1,"['EPHY101', 'EPHY102', 'EPHY103', 'EPHY104', 'EPHY105', 'EPHY106']"
49723,Kathleen Wilson,89.85,civil,Term 7,"['ECIV701', 'ECIV702', 'ECIV703', 'ECIV704', 'ECIV705', 'ECIV706']"
43509,Jennifer Fuller,68.3,physicsteaching,Term 6,"['EPHY601', 'EPHY602', 'EPHY603', 'EPHY604', 'EPHY605', 'EPHY606']"
74088,David Jones,81.14,computer,Term 4,"['ECOM401', 'ECOM402', 'ECOM403', 'ECOM404', 'ECOM405', 'ECOM406']"
14761,Rachel Long,65.19,civil,Term 5,"['ECIV501', 'ECIV502', 'ECIV503', 'ECIV504', 'ECIV505', 'ECIV506']"
52262,Sherry Gould MD,90.24,physicsteaching,Term 5,"['EPHY501', 'EPHY502', 'EPHY503', 'EPHY504', 'EPHY505', 'EPHY506']"
24699,Victor Bell,61.36,psychology,Term 2,"['SPSY201', 'SPSY202', 'SPSY203', 'SPSY204', 'SPSY205', 'SPSY206']"
53435,Molly James,77.54,mathsteaching,Term 3,"['EMAT301', 'EMAT302', 'EMAT303', 'EMAT304', 'EMAT305', 'EMAT306']"
64040,Kyle Johnson,74.13,psychology,Term 8,"['SPSY801', 'SPSY802', 'SPSY803', 'SPSY804', 'SPSY805', 'SPSY806']"
98465,Jacob King,93.43,computer,Term 2,"['ECOM201', 'ECOM202', 'ECOM203', 'ECOM204', 'ECOM205', 'ECOM206']"
70902,Ryan Watson,87.09,civil,Term 3,"['ECIV301', 'ECIV302', 'ECIV303', 'ECIV304', 'ECIV305', 'ECIV306']"
48205,Heather Norman,76.69,maths,Term 8,"['SMAT801', 'SMAT802', 'SMAT803', 'SMAT804', 'SMAT805', 'SMAT806']"
74691,Patricia Sloan,97.34,literatureteaching,Term 2,"['ELIT201', 'ELIT202', 'ELIT203', 'ELIT204', 'ELIT205', 'ELIT206']"
30145,Justin Fitzgerald,78.22,computer,Term 2,"['ECOM201', 'ECOM202', 'ECOM203', 'ECOM204', 'ECOM205', 'ECOM206']"
44138,Sharon Garcia,94.83,maths,Term 6,"['SMAT601', 'SMAT602', 'SMAT603', 'SMAT604', 'SMAT605', 'SMAT606']"
34785,Kim Clayton,74.61,electronics,Term 7,"['EELE701', 'EELE702', 'EELE703', 'EELE704', 'EELE705', 'EELE706']"
37634,William Robertson,94.35,computer,Term 8,"['ECOM801', 'ECOM802', 'ECOM803', 'ECOM804', 'ECOM805', 'ECOM806']"
33128,Rhonda Gregory,96.53,physicsteaching,Term 4,"['EPHY401', 'EPHY402', 'EPHY403', 'EPHY404', 'EPHY405', 'EPHY406']"
24898,Michelle Brown,99.58,maths,Term 1,"['SMAT101', 'SMAT102', 'SMAT103', 'SMAT104', 'SMAT105', 'SMAT106']"
25497,Phillip Gaines,74.5,computer,Term 5,"['ECOM501', 'ECOM502', 'ECOM503', 'ECOM504', 'ECOM505', 'ECOM506']"
17076,Andrea Ortiz,77.69,literatureteaching,Term 8,"['ELIT801', 'ELIT802', 'ELIT803', 'ELIT804', 'ELIT805', 'ELIT806']"
55820,Lindsay Maddox,99.74,maths,Term 7,"['SMAT701', 'SMAT702', 'SMAT703', 'SMAT704', 'SMAT705', 'SMAT706']"
80174,Gabriela Hines,91.18,physicsteaching,Term 5,"['EPHY501', 'EPHY502', 'EPHY503', 'EPHY504', 'EPHY505', 'EPHY506']"
96065,Dominique Mckay,82.55,civil,Term 1,"['ECIV101', 'ECIV102', 'ECIV103', 'ECIV104', 'ECIV105', 'ECIV106']"
10695,Richard Ramirez,81.47,electronics,Term 8,"['EELE801', 'EELE802', 'EELE803', 'EELE804', 'EELE805', 'EELE806']"
50947,Eileen Salinas,87.6,physicsteaching,Term 3,"['EPHY301', 'EPHY302', 'EPHY303', 'EPHY304', 'EPHY305', 'EPHY306']"
99728,Robert Foley,61.66,computer,Term 6,"['ECOM601', 'ECOM602', 'ECOM603', 'ECOM604', 'ECOM605', 'ECOM606']"
56616,Susan Jacobs,63.79,physicsteaching,Term 5,"['EPHY501', 'EPHY502', 'EPHY503', 'EPHY504', 'EPHY505', 'EPHY506']"
48651,Angela Phillips,79.69,civil,Term 4,"['ECIV401', 'ECIV402', 'ECIV403', 'ECIV404', 'ECIV405', 'ECIV406']"
89292,Linda Lucero,87.76,computer,Term 1,"['ECOM101', 'ECOM102', 'ECOM103', 'ECOM104', 'ECOM105', 'ECOM106']"
38544,Shane Bradford,64.45,mathsteaching,Term 8,"['EMAT801', 'EMAT802', 'EMAT803', 'EMAT804', 'EMAT805', 'EMAT806']"
86263,Bonnie Mercado,71.22,psychology,Term 2,"['SPSY201', 'SPSY202', 'SPSY203', 'SPSY204', 'SPSY205', 'SPSY206']"
67234,Ronnie Bell,96.51,civil,Term 6,"['ECIV601', 'ECIV602', 'ECIV603', 'ECIV604', 'ECIV605', 'ECIV606']"
31169,Nicholas Moore,88.21,computer,Term 1,"['ECOM101', 'ECOM102', 'ECOM103', 'ECOM104', 'ECOM105', 'ECOM106']"
33142,Joanna Krueger,61.67,civil,Term 7,"['ECIV701', 'ECIV702', 'ECIV703', 'ECIV704', 'ECIV705', 'ECIV706']"
10445,Rachel Garrett,94.97,psychology,Term 4,"['SPSY401', 'SPSY402', 'SPSY403', 'SPSY404', 'SPSY405', 'SPSY406']"
82954,Stephanie Franco,78.93,physicsteaching,Term 1,"['EPHY101', 'EPHY102', 'EPHY103', 'EPHY104', 'EPHY105', 'EPHY106']"
66844,Zachary Velazquez,93.96,civil,Term 3,"['ECIV301', 'ECIV302', 'ECIV303', 'ECIV304', 'ECIV305', 'ECIV306']"
84275,Mark Dunn,63.81,computer,Term 2,"['ECOM201', 'ECOM202', 'ECOM203', 'ECOM204', 'ECOM205', 'ECOM206']"
91100,Timothy Ewing,64.65,literatureteaching,Term 3,"['ELIT301', 'ELIT302', 'ELIT303', 'ELIT304', 'ELIT305', 'ELIT306']"
66420,Chris Jackson,78.58,civil,Term 4,"['ECIV401', 'ECIV402', 'ECIV403', 'ECIV404', 'ECIV405', 'ECIV406']"
97275,Heather Sloan,97.95,civil,Term 2,"['ECIV201', 'ECIV202', 'ECIV203', 'ECIV204', 'ECIV205', 'ECIV206']"
88035,Rebecca Stewart,89.35,psychology,Term 5,"['SPSY501', 'SPSY502', 'SPSY503', 'SPSY504', 'SPSY505', 'SPSY506']"
59561,Jeremy Hayes,95.15,physics,Term 6,"['SPHY601', 'SPHY602', 'SPHY603', 'SPHY604', 'SPHY605', 'SPHY606']"
61853,Anthony Wright,69.08,psychology,Term 1,"['SPSY101', 'SPSY102', 'SPSY103', 'SPSY104', 'SPSY105', 'SPSY106']"
19762,Elizabeth Bell,73.43,civil,Term 3,"['ECIV301', 'ECIV302', 'ECIV303', 'ECIV304', 'ECIV305', 'ECIV306']"
18089,Jon Burke,81.2,maths,Term 6,"['SMAT601', 'SMAT602', 'SMAT603', 'SMAT604', 'SMAT605', 'SMAT606']"
10716,Casey James,71.2,maths,Term 5,"['SMAT501', 'SMAT502', 'SMAT503', 'SMAT504', 'SMAT505', 'SMAT506']"
85151,Raymond Moore,77.28,maths,Term 3,"['SMAT301', 'SMAT302', 'SMAT303', 'SMAT304', 'SMAT305', 'SMAT306']"
76410,Zachary Cannon,60.86,physicsteaching,Term 2,"['EPHY201', 'EPHY202', 'EPHY203', 'EPHY204', 'EPHY205', 'EPHY206']"
68546,Courtney Harper,71.9,computer,Term 7,"['ECOM701', 'ECOM702', 'ECOM703', 'ECOM704', 'ECOM705', 'ECOM706']"
40339,Elizabeth Johnson,86.52,physicsteaching,Term 2,"['EPHY201', 'EPHY202', 'EPHY203', 'EPHY204', 'EPHY205', 'EPHY206']"
39123,Heather Hall,73.96,literatureteaching,Term 6,"['ELIT601', 'ELIT602', 'ELIT603', 'ELIT604', 'ELIT605', 'ELIT606']"
72916,Gary Mcintyre,62.17,literatureteaching,Term 1,"['ELIT101', 'ELIT102', 'ELIT103', 'ELIT104', 'ELIT105', 'ELIT106']"
10114,John Olson,81.85,literatureteaching,Term 1,"['ELIT101', 'ELIT102', 'ELIT103', 'ELIT104', 'ELIT105', 'ELIT106']"
27736,Kayla Lutz,96.05,electronics,Term 3,"['EELE301', 'EELE302', 'EELE303', 'EELE304', 'EELE305', 'EELE306']"
50822,Dana Smith,79.21,psychology,Term 7,"['SPSY701', 'SPSY702', 'SPSY703', 'SPSY704', 'SPSY705', 'SPSY706']"
27703,Mary Ward,95.31,physicsteaching,Term 8,"['EPHY801', 'EPHY802', 'EPHY803', 'EPHY804', 'EPHY805', 'EPHY806']"
55702,Ralph Colon,60.93,physics,Term 7,"['SPHY701', 'SPHY702', 'SPHY703', 'SPHY704', 'SPHY705', 'SPHY706']"
92324,Amber Garcia,81.37,mathsteaching,Term 6,"['EMAT601', 'EMAT602', 'EMAT603', 'EMAT604', 'EMAT605', 'EMAT606']"
11134,Brian Willis,89.46,physicsteaching,Term 6,"['EPHY601', 'EPHY602', 'EPHY603', 'EPHY604', 'EPHY605', 'EPHY606']"
65353,Crystal Garcia,72.99,electronics,Term 6,"['EELE601', 'EELE602', 'EELE603', 'EELE604', 'EELE605', 'EELE606']"
75250,Robyn Moss,62.36,physicsteaching,Term 3,"['EPHY301', 'EPHY302', 'EPHY303', 'EPHY304', 'EPHY305', 'EPHY306']"
63638,Meagan Hanson,75.85,maths,Term 8,"['SMAT801', 'SMAT802', 'SMAT803', 'SMAT804', 'SMAT805', 'SMAT806']"
69277,Paul Powell,77.31,psychology,Term 4,"['SPSY401', 'SPSY402', 'SPSY403', 'SPSY404', 'SPSY405', 'SPSY406']"
11800,Bonnie Yang,73.83,literatureteaching,Term 5,"['ELIT501', 'ELIT502', 'ELIT503', 'ELIT504', 'ELIT505', 'ELIT506']"
72703,Michael Mcknight,89.34,literatureteaching,Term 4,"['ELIT401', 'ELIT402', 'ELIT403', 'ELIT404', 'ELIT405', 'ELIT406']"
90807,Kimberly Boone,85.32,psychology,Term 6,"['SPSY601', 'SPSY602', 'SPSY603', 'SPSY604', 'SPSY605', 'SPSY606']"
32461,Cynthia Ross,97.36,computer,Term 3,"['ECOM301', 'ECOM302', 'ECOM303', 'ECOM304', 'ECOM305', 'ECOM306']"
51763,Stacey Bryant,89.67,electronics,Term 2,"['EELE201', 'EELE202', 'EELE203', 'EELE204', 'EELE205', 'EELE206']"
58639,Michael Sullivan,81.83,computer,Term 5,"['ECOM501', 'ECOM502', 'ECOM503', 'ECOM504', 'ECOM505', 'ECOM506']"
69191,Laura Harris,66.89,mathsteaching,Term 3,"['EMAT301', 'EMAT302', 'EMAT303', 'EMAT304', 'EMAT305', 'EMAT306']"
94449,Erika Conner,97.8,literatureteaching,Term 7,"['ELIT701', 'ELIT702', 'ELIT703', 'ELIT704', 'ELIT705', 'ELIT706']"
60712,Ryan Wilson,88.49,psychology,Term 8,"['SPSY801', 'SPSY802', 'SPSY803', 'SPSY804', 'SPSY805', 'SPSY806']"
68692,Brandon Gibson,90.29,electronics,Term 1,"['EELE101', 'EELE102', 'EELE103', 'EELE104', 'EELE105', 'EELE106']"
47970,Shane Robertson,66.1,civil,Term 6,"['ECIV601', 'ECIV602', 'ECIV603', 'ECIV604', 'ECIV605', 'ECIV606']"
92425,Craig Garcia,63.23,maths,Term 6,"['SMAT601', 'SMAT602', 'SMAT603', 'SMAT604', 'SMAT605', 'SMAT606']"
98727,Melanie Bowman,66.35,physics,Term 8,"['SPHY801', 'SPHY802', 'SPHY803', 'SPHY804', 'SPHY805', 'SPHY806']"
87433,Russell Miller,70.13,mathsteaching,Term 4,"['EMAT401', 'EMAT402', 'EMAT403', 'EMAT404', 'EMAT405', 'EMAT406']"
94560,Kristen Shelton,71.17,computer,Term 1,"['ECOM101', 'ECOM102', 'ECOM103', 'ECOM104', 'ECOM105', 'ECOM106']"
97411,Brandon Hendricks,84.47,civil,Term 1,"['ECIV101', 'ECIV102', 'ECIV103', 'ECIV104', 'ECIV105', 'ECIV106']"
64212,Antonio Turner,60.49,psychology,Term 7,"['SPSY701', 'SPSY702', 'SPSY703', 'SPSY704', 'SPSY705', 'SPSY706']"
39800,Jessica Krueger,71.72,physicsteaching,Term 6,"['EPHY601', 'EPHY602', 'EPHY603', 'EPHY604', 'EPHY605', 'EPHY606']"
29721,Mark Roberts,75.97,electronics,Term 1,"['EELE101', 'EELE102', 'EELE103', 'EELE104', 'EELE105', 'EELE106']"
41377,Marc Vazquez,88.55,physics,Term 5,"['SPHY501', 'SPHY502', 'SPHY503', 'SPHY504', 'SPHY505', 'SPHY506']"
64192,Gerald Liu,60.49,literatureteaching,Term 4,"['ELIT401', 'ELIT402', 'ELIT403', 'ELIT404', 'ELIT405', 'ELIT406']"
86101,Allen Berry,75.43,maths,Term 7,"['SMAT701', 'SMAT702', 'SMAT703', 'SMAT704', 'SMAT705', 'SMAT706']"
66312,Lisa Hopkins,92.81,civil,Term 1,"['ECIV101', 'ECIV102', 'ECIV103', 'ECIV104', 'ECIV105', 'ECIV106']"
63056,Gregory Taylor,67.58,civil,Term 4,"['ECIV401', 'ECIV402', 'ECIV403', 'ECIV404', 'ECIV405', 'ECIV406']"
46206,Amanda Ortiz,73.61,civil,Term 4,"['ECIV401', 'ECIV402', 'ECIV403', 'ECIV404', 'ECIV405', 'ECIV406']"
90374,Kenneth Jimenez,99.66,computer,Term 8,"['ECOM801', 'ECOM802', 'ECOM803', 'ECOM804', 'ECOM805', 'ECOM806']"
98002,Debra Price,82.31,physicsteaching,Term 7,"['EPHY701', 'EPHY702', 'EPHY703', 'EPHY704', 'EPHY705', 'EPHY706']"
43904,Christopher Price,91.68,literatureteaching,Term 8,"['ELIT801', 'ELIT802', 'ELIT803', 'ELIT804', 'ELIT805', 'ELIT806']"
84930,Richard Aguirre,67.55,electronics,Term 6,"['EELE601', 'EELE602', 'EELE603', 'EELE604', 'EELE605', 'EELE606']"
14805,Peter Mcpherson,97.87,physicsteaching,Term 3,"['EPHY301', 'EPHY302', 'EPHY303', 'EPHY304', 'EPHY305', 'EPHY306']"
44515,Dr. Justin Powell,90.51,physicsteaching,Term 4,"['EPHY401', 'EPHY402', 'EPHY403', 'EPHY404', 'EPHY405', 'EPHY406']"
49543,Lynn Mitchell,95.73,physicsteaching,Term 3,"['EPHY301', 'EPHY302', 'EPHY303', 'EPHY304', 'EPHY305', 'EPHY306']"
84218,Jimmy Smith,80.57,psychology,Term 4,"['SPSY401', 'SPSY402', 'SPSY403', 'SPSY404', 'SPSY405', 'SPSY406']"
70638,James Trujillo,62.57,physics,Term 2,"['SPHY201', 'SPHY202', 'SPHY203', 'SPHY204', 'SPHY205', 'SPHY206']"
70783,Jennifer Hansen,89.39,physicsteaching,Term 4,"['EPHY401', 'EPHY402', 'EPHY403', 'EPHY404', 'EPHY405', 'EPHY406']"
35548,Catherine Williams,98.99,mathsteaching,Term 8,"['EMAT801', 'EMAT802', 'EMAT803', 'EMAT804', 'EMAT805', 'EMAT806']"
78548,John Jackson,69.34,computer,Term 8,"['ECOM801', 'ECOM802', 'ECOM803', 'ECOM804', 'ECOM805', 'ECOM806']"
61815,Robert Walter,88.71,civil,Term 2,"['ECIV201', 'ECIV202', 'ECIV203', 'ECIV204', 'ECIV205', 'ECIV206']"
51133,Amber Mitchell,71.3,civil,Term 5,"['ECIV501', 'ECIV502', 'ECIV503', 'ECIV504', 'ECIV505', 'ECIV506']"
85217,Richard Harris,90.86,physicsteaching,Term 5,"['EPHY501', 'EPHY502', 'EPHY503', 'EPHY504', 'EPHY505', 'EPHY506']"
41603,Susan Smith,82.63,physics,Term 3,"['SPHY301', 'SPHY302', 'SPHY303', 'SPHY304', 'SPHY305', 'SPHY306']"
49453,Brian Williams,68.74,maths,Term 5,"['SMAT501', 'SMAT502', 'SMAT503', 'SMAT504', 'SMAT505', 'SMAT506']"
39152,Angela Johnson,90.14,physicsteaching,Term 4,"['EPHY401', 'EPHY402', 'EPHY403', 'EPHY404', 'EPHY405', 'EPHY406']"
87527,Stephanie Roberts,77.69,mathsteaching,Term 6,"['EMAT601', 'EMAT602', 'EMAT603', 'EMAT604', 'EMAT605', 'EMAT606']"
78369,Francisco Allen,95.6,physics,Term 5,"['SPHY501', 'SPHY502', 'SPHY503', 'SPHY504', 'SPHY505', 'SPHY506']"
12788,Ryan Moore,71.88,physicsteaching,Term 2,"['EPHY201', 'EPHY202', 'EPHY203', 'EPHY204', 'EPHY205', 'EPHY206']"
55955,Diana Carter DDS,75.72,physics,Term 2,"['SPHY201', 'SPHY202', 'SPHY203', 'SPHY204', 'SPHY205', 'SPHY206']"
39414,Scott Richard,63.68,psychology,Term 3,"['SPSY301', 'SPSY302', 'SPSY303', 'SPSY304', 'SPSY305', 'SPSY306']"
81455,Tom Hester,98.8,physicsteaching,Term 5,"['EPHY501', 'EPHY502', 'EPHY503', 'EPHY504', 'EPHY505', 'EPHY506']"
48127,Brandi Young,83.31,psychology,Term 3,"['SPSY301', 'SPSY302', 'SPSY303', 'SPSY304', 'SPSY305', 'SPSY306']"
84061,Gabriela Cuevas,80.79,psychology,Term 8,"['SPSY801', 'SPSY802', 'SPSY803', 'SPSY804', 'SPSY805', 'SPSY806']"
36580,Jason Williams,73.76,electronics,Term 2,"['EELE201', 'EELE202', 'EELE203', 'EELE204', 'EELE205', 'EELE206']"
14351,Alexandra Gonzalez,80.36,physics,Term 1,"['SPHY101', 'SPHY102', 'SPHY103', 'SPHY104', 'SPHY105', 'SPHY106']"
47381,Hunter Clements,86.05,literatureteaching,Term 8,"['ELIT801', 'ELIT802', 'ELIT803', 'ELIT804', 'ELIT805', 'ELIT806']"
63564,Timothy Estrada,94.68,literatureteaching,Term 6,"['ELIT601', 'ELIT602', 'ELIT603', 'ELIT604', 'ELIT605', 'ELIT606']"
36615,Mr. Keith Le,90.49,maths,Term 6,"['SMAT601', 'SMAT602', 'SMAT603', 'SMAT604', 'SMAT605', 'SMAT606']"
69173,Jonathan Johnson,80.02,civil,Term 2,"['ECIV201', 'ECIV202', 'ECIV203', 'ECIV204', 'ECIV205', 'ECIV206']"
59290,Emily Palmer,62.08,psychology,Term 3,"['SPSY301', 'SPSY302', 'SPSY303', 'SPSY304', 'SPSY305', 'SPSY306']"
69833,Dr. David Bryant,86.36,mathsteaching,Term 5,"['EMAT501', 'EMAT502', 'EMAT503', 'EMAT504', 'EMAT505', 'EMAT506']"
52674,Charles Munoz,61.35,civil,Term 8,"['ECIV801', 'ECIV802', 'ECIV803', 'ECIV804', 'ECIV805', 'ECIV806']"
88594,Penny Richards,79.47,computer,Term 3,"['ECOM301', 'ECOM302', 'ECOM303', 'ECOM304', 'ECOM305', 'ECOM306']"
53320,Brian Jones,84.32,civil,Term 8,"['ECIV801', 'ECIV802', 'ECIV803', 'ECIV804', 'ECIV805', 'ECIV806']"
14088,Jason Warner,86.66,civil,Term 2,"['ECIV201', 'ECIV202', 'ECIV203', 'ECIV204', 'ECIV205', 'ECIV206']"
15816,Jason Bush,65.09,psychology,Term 1,"['SPSY101', 'SPSY102', 'SPSY103', 'SPSY104', 'SPSY105', 'SPSY106']"
38197,Charles Hammond,87.49,maths,Term 7,"['SMAT701', 'SMAT702', 'SMAT703', 'SMAT704', 'SMAT705', 'SMAT706']"
31776,Jon Patterson,90.76,mathsteaching,Term 7,"['EMAT701', 'EMAT702', 'EMAT703', 'EMAT704', 'EMAT705', 'EMAT706']"
85827,Judith Hill,74.26,electronics,Term 1,"['EELE101', 'EELE102', 'EELE103', 'EELE104', 'EELE105', 'EELE106']"
55876,Lisa Crawford,86.27,physics,Term 6,"['SPHY601', 'SPHY602', 'SPHY603', 'SPHY604', 'SPHY605', 'SPHY606']"
20108,Mrs. Elizabeth Moore,98.62,electronics,Term 2,"['EELE201', 'EELE202', 'EELE203', 'EELE204', 'EELE205', 'EELE206']"
42758,Laura Schneider,63.36,civil,Term 7,"['ECIV701', 'ECIV702', 'ECIV703', 'ECIV704', 'ECIV705', 'ECIV706']"
38706,Paula Powell,94.8,literatureteaching,Term 1,"['ELIT101', 'ELIT102', 'ELIT103', 'ELIT104', 'ELIT105', 'ELIT106']"
30159,Valerie Curry,83.95,civil,Term 3,"['ECIV301', 'ECIV302', 'ECIV303', 'ECIV304', 'ECIV305', 'ECIV306']"
11537,Lauren Payne,79.19,physics,Term 4,"['SPHY401', 'SPHY402', 'SPHY403', 'SPHY404', 'SPHY405', 'SPHY406']"
55636,Christopher Foster,94.25,mathsteaching,Term 5,"['EMAT501', 'EMAT502', 'EMAT503', 'EMAT504', 'EMAT505', 'EMAT506']"
70337,Ashlee Roach,60.74,civil,Term 3,"['ECIV301', 'ECIV302', 'ECIV303', 'ECIV304', 'ECIV305', 'ECIV306']"
49965,Shawn Jordan,85.78,psychology,Term 3,"['SPSY301', 'SPSY302', 'SPSY303', 'SPSY304', 'SPSY305', 'SPSY306']"
69284,Mitchell Fisher,69.37,physicsteaching,Term 1,"['EPHY101', 'EPHY102', 'EPHY103', 'EPHY104', 'EPHY105', 'EPHY106']"
98091,Charles Flores,81.52,maths,Term 5,"['SMAT501', 'SMAT502', 'SMAT503', 'SMAT504', 'SMAT505', 'SMAT506']"
28544,Jessica Cobb MD,87.04,maths,Term 5,"['SMAT501', 'SMAT502', 'SMAT503', 'SMAT504', 'SMAT505', 'SMAT506']"
23616,Janet Carney,63.11,literatureteaching,Term 1,"['ELIT101', 'ELIT102', 'ELIT103', 'ELIT104', 'ELIT105', 'ELIT106']"
57558,Dana Terry,84.96,maths,Term 3,"['SMAT301', 'SMAT302', 'SMAT303', 'SMAT304', 'SMAT305', 'SMAT306']"
65247,Jennifer Moore,87.44,literatureteaching,Term 8,"['ELIT801', 'ELIT802', 'ELIT803', 'ELIT804', 'ELIT805', 'ELIT806']"
92510,Travis Alexander,75.86,psychology,Term 3,"['SPSY301', 'SPSY302', 'SPSY303', 'SPSY304', 'SPSY305', 'SPSY306']"
31892,Brittney Williams,82.49,civil,Term 1,"['ECIV101', 'ECIV102', 'ECIV103', 'ECIV104', 'ECIV105', 'ECIV106']"
99577,James Solomon,85.52,maths,Term 5,"['SMAT501', 'SMAT502', 'SMAT503', 'SMAT504', 'SMAT505', 'SMAT506']"
99579,Joseph Lopez,82.74,psychology,Term 8,"['SPSY801', 'SPSY802', 'SPSY803', 'SPSY804', 'SPSY805', 'SPSY806']"
25414,Keith Murray,90.74,maths,Term 6,"['SMAT601', 'SMAT602', 'SMAT603', 'SMAT604', 'SMAT605', 'SMAT606']"
95894,Kristin Parker,81.59,civil,Term 3,"['ECIV301', 'ECIV302', 'ECIV303', 'ECIV304', 'ECIV305', 'ECIV306']"
82956,Mary Campbell,68.16,literatureteaching,Term 6,"['ELIT601', 'ELIT602', 'ELIT603', 'ELIT604', 'ELIT605', 'ELIT606']"
93537,Christina Burton,95.16,psychology,Term 8,"['SPSY801', 'SPSY802', 'SPSY803', 'SPSY804', 'SPSY805', 'SPSY806']"
91086,Karen Stanley,93.59,physicsteaching,Term 1,"['EPHY101', 'EPHY102', 'EPHY103', 'EPHY104', 'EPHY105', 'EPHY106']"
64595,Nicholas Evans,72.26,computer,Term 8,"['ECOM801', 'ECOM802', 'ECOM803', 'ECOM804', 'ECOM805', 'ECOM806']"
73139,Wendy Hernandez,94.74,computer,Term 2,"['ECOM201', 'ECOM202', 'ECOM203', 'ECOM204', 'ECOM205', 'ECOM206']"
36950,Kenneth Gibson,66.77,psychology,Term 7,"['SPSY701', 'SPSY702', 'SPSY703', 'SPSY704', 'SPSY705', 'SPSY706']"
67368,Cindy Turner,70.54,literatureteaching,Term 7,"['ELIT701', 'ELIT702', 'ELIT703', 'ELIT704', 'ELIT705', 'ELIT706']"
24475,Melissa Brown,66.76,literatureteaching,Term 2,"['ELIT201', 'ELIT202', 'ELIT203', 'ELIT204', 'ELIT205', 'ELIT206']"
57336,Jordan Evans,90.59,physics,Term 4,"['SPHY401', 'SPHY402', 'SPHY403', 'SPHY404', 'SPHY405', 'SPHY406']"
40779,Bradley Hernandez,88.4,mathsteaching,Term 1,"['EMAT101', 'EMAT102', 'EMAT103', 'EMAT104', 'EMAT105', 'EMAT106']"
58020,Timothy Flores,71.79,computer,Term 8,"['ECOM801', 'ECOM802', 'ECOM803', 'ECOM804', 'ECOM805', 'ECOM806']"
18959,Jessica Rojas,76.65,electronics,Term 6,"['EELE601', 'EELE602', 'EELE603', 'EELE604', 'EELE605', 'EELE606']"
69919,Heather Valdez,76.72,mathsteaching,Term 7,"['EMAT701', 'EMAT702', 'EMAT703', 'EMAT704', 'EMAT705', 'EMAT706']"
60643,Patrick Gonzales,74.63,literatureteaching,Term 1,"['ELIT101', 'ELIT102', 'ELIT103', 'ELIT104', 'ELIT105', 'ELIT106']"
87835,Jessica Alvarez,74.96,electronics,Term 6,"['EELE601', 'EELE602', 'EELE603', 'EELE604', 'EELE605', 'EELE606']"
17454,Charles Lutz,64.43,computer,Term 8,"['ECOM801', 'ECOM802', 'ECOM803', 'ECOM804', 'ECOM805', 'ECOM806']"
38855,Sarah Mccall,71.57,psychology,Term 2,"['SPSY201', 'SPSY202', 'SPSY203', 'SPSY204', 'SPSY205', 'SPSY206']"
85965,Jessica Long,81.6,maths,Term 6,"['SMAT601', 'SMAT602', 'SMAT603', 'SMAT604', 'SMAT605', 'SMAT606']"
58935,Craig Tanner,87.04,physicsteaching,Term 6,"['EPHY601', 'EPHY602', 'EPHY603', 'EPHY604', 'EPHY605', 'EPHY606']"
34182,Robert Olsen,81.86,literatureteaching,Term 6,"['ELIT601', 'ELIT602', 'ELIT603', 'ELIT604', 'ELIT605', 'ELIT606']"
94075,Joel Price,60.15,physicsteaching,Term 2,"['EPHY201', 'EPHY202', 'EPHY203', 'EPHY204', 'EPHY205', 'EPHY206']"
51627,Kimberly Gonzales,77.46,psychology,Term 4,"['SPSY401', 'SPSY402', 'SPSY403', 'SPSY404', 'SPSY405', 'SPSY406']"
50559,Sarah Allen,97.07,literatureteaching,Term 4,"['ELIT401', 'ELIT402', 'ELIT403', 'ELIT404', 'ELIT405', 'ELIT406']"
10038,Melissa Barajas,94.99,mathsteaching,Term 2,"['EMAT201', 'EMAT202', 'EMAT203', 'EMAT204', 'EMAT205', 'EMAT206']"
36380,Thomas Fletcher,68.11,literatureteaching,Term 1,"['ELIT101', 'ELIT102', 'ELIT103', 'ELIT104', 'ELIT105', 'ELIT106']"
14819,Claire King MD,64.23,civil,Term 7,"['ECIV701', 'ECIV702', 'ECIV703', 'ECIV704', 'ECIV705', 'ECIV706']"
31164,Jermaine Larson,75.32,literatureteaching,Term 6,"['ELIT601', 'ELIT602', 'ELIT603', 'ELIT604', 'ELIT605', 'ELIT606']"
59525,Denise Garcia,84.83,physicsteaching,Term 3,"['EPHY301', 'EPHY302', 'EPHY303', 'EPHY304', 'EPHY305', 'EPHY306']"
79792,Daniel Castaneda,92.78,computer,Term 7,"['ECOM701', 'ECOM702', 'ECOM703', 'ECOM704', 'ECOM705', 'ECOM706']"
61923,William Green,86.45,psychology,Term 1,"['SPSY101', 'SPSY102', 'SPSY103', 'SPSY104', 'SPSY105', 'SPSY106']"
86087,Mary Evans,74.63,psychology,Term 4,"['SPSY401', 'SPSY402', 'SPSY403', 'SPSY404', 'SPSY405', 'SPSY406']"
68619,Diamond Bautista,73.02,psychology,Term 6,"['SPSY601', 'SPSY602', 'SPSY603', 'SPSY604', 'SPSY605', 'SPSY606']"
84123,Laura Holmes,65.26,mathsteaching,Term 6,"['EMAT601', 'EMAT602', 'EMAT603', 'EMAT604', 'EMAT605', 'EMAT606']"
21097,Jack Howard,73.53,literatureteaching,Term 1,"['ELIT101', 'ELIT102', 'ELIT103', 'ELIT104', 'ELIT105', 'ELIT106']"
47014,Victoria White,67.05,psychology,Term 1,"['SPSY101', 'SPSY102', 'SPSY103', 'SPSY104', 'SPSY105', 'SPSY106']"
62697,Donald Miller,99.37,literatureteaching,Term 2,"['ELIT201', 'ELIT202', 'ELIT203', 'ELIT204', 'ELIT205', 'ELIT206']"
47758,Jennifer Carter,95.41,computer,Term 1,"['ECOM101', 'ECOM102', 'ECOM103', 'ECOM104', 'ECOM105', 'ECOM106']"
72809,Taylor Wilson,90.96,mathsteaching,Term 5,"['EMAT501', 'EMAT502', 'EMAT503', 'EMAT504', 'EMAT505', 'EMAT506']"
57194,Denise Barker DVM,72.95,literatureteaching,Term 6,"['ELIT601', 'ELIT602', 'ELIT603', 'ELIT604', 'ELIT605', 'ELIT606']"
12532,Francis Reyes,91.56,psychology,Term 6,"['SPSY601', 'SPSY602', 'SPSY603', 'SPSY604', 'SPSY605', 'SPSY606']"
64187,Jeffrey Sanders,68.8,literatureteaching,Term 8,"['ELIT801', 'ELIT802', 'ELIT803', 'ELIT804', 'ELIT805', 'ELIT806']"
67551,Amy Allen,61.87,psychology,Term 3,"['SPSY301', 'SPSY302', 'SPSY303', 'SPSY304', 'SPSY305', 'SPSY306']"
39925,Samuel Davis,89.95,computer,Term 1,"['ECOM101', 'ECOM102', 'ECOM103', 'ECOM104', 'ECOM105', 'ECOM106']"
40684,Barbara Smith,71.1,physics,Term 7,"['SPHY701', 'SPHY702', 'SPHY703', 'SPHY704', 'SPHY705', 'SPHY706']"
55937,Michael Prince,70.29,civil,Term 3,"['ECIV301', 'ECIV302', 'ECIV303', 'ECIV304', 'ECIV305', 'ECIV306']"
31076,Tiffany Atkinson,65.52,mathsteaching,Term 7,"['EMAT701', 'EMAT702', 'EMAT703', 'EMAT704', 'EMAT705', 'EMAT706']"
61413,Marc Craig,78.36,computer,Term 6,"['ECOM601', 'ECOM602', 'ECOM603', 'ECOM604', 'ECOM605', 'ECOM606']"
23800,Deborah Baxter,66.74,physicsteaching,Term 4,"['EPHY401', 'EPHY402', 'EPHY403', 'EPHY404', 'EPHY405', 'EPHY406']"
33438,Kevin Moses,87.19,physics,Term 8,"['SPHY801', 'SPHY802', 'SPHY803', 'SPHY804', 'SPHY805', 'SPHY806']"
70972,Trevor Stuart,96.09,physics,Term 7,"['SPHY701', 'SPHY702', 'SPHY703', 'SPHY704', 'SPHY705', 'SPHY706']"
32044,Stephanie Foster,80.2,physicsteaching,Term 7,"['EPHY701', 'EPHY702', 'EPHY703', 'EPHY704', 'EPHY705', 'EPHY706']"
34883,Julia Young,95.43,mathsteaching,Term 4,"['EMAT401', 'EMAT402', 'EMAT403', 'EMAT404', 'EMAT405', 'EMAT406']"
27009,Daniel Marshall,75.24,physicsteaching,Term 7,"['EPHY701', 'EPHY702', 'EPHY703', 'EPHY704', 'EPHY705', 'EPHY706']"
69344,Michael Perez,92.67,civil,Term 7,"['ECIV701', 'ECIV702', 'ECIV703', 'ECIV704', 'ECIV705', 'ECIV706']"
68528,Jerry Butler,80.54,computer,Term 8,"['ECOM801', 'ECOM802', 'ECOM803', 'ECOM804', 'ECOM805', 'ECOM806']"
96716,Mary Walton,79.4,mathsteaching,Term 7,"['EMAT701', 'EMAT702', 'EMAT703', 'EMAT704', 'EMAT705', 'EMAT706']"
94959,Joseph Matthews,79.5,mathsteaching,Term 3,"['EMAT301', 'EMAT302', 'EMAT303', 'EMAT304', 'EMAT305', 'EMAT306']"
84223,Dustin Velasquez,68.24,psychology,Term 2,"['SPSY201', 'SPSY202', 'SPSY203', 'SPSY204', 'SPSY205', 'SPSY206']"
68983,Michelle Bullock,93.39,electronics,Term 6,"['EELE601', 'EELE602', 'EELE603', 'EELE604', 'EELE605', 'EELE606']"
52119,Jeffery Wheeler,75.9,literatureteaching,Term 8,"['ELIT801', 'ELIT802', 'ELIT803', 'ELIT804', 'ELIT805', 'ELIT806']"
10739,William Stewart,61.29,electronics,Term 3,"['EELE301', 'EELE302', 'EELE303', 'EELE304', 'EELE305', 'EELE306']"
57151,Catherine Mitchell,67.95,literatureteaching,Term 4,"['ELIT401', 'ELIT402', 'ELIT403', 'ELIT404', 'ELIT405', 'ELIT406']"
76371,Colin Owens,98.81,physics,Term 8,"['SPHY801', 'SPHY802', 'SPHY803', 'SPHY804', 'SPHY805', 'SPHY806']"
87434,Paul Stewart,76.67,physics,Term 3,"['SPHY301', 'SPHY302', 'SPHY303', 'SPHY304', 'SPHY305', 'SPHY306']"
71091,Daniel Smith Jr.,96.77,maths,Term 7,"['SMAT701', 'SMAT702', 'SMAT703', 'SMAT704', 'SMAT705', 'SMAT706']"
88274,Angela Shields,86.74,maths,Term 2,"['SMAT201', 'SMAT202', 'SMAT203', 'SMAT204', 'SMAT205', 'SMAT206']"
37101,Gary Moore,98.36,electronics,Term 1,"['EELE101', 'EELE102', 'EELE103', 'EELE104', 'EELE105', 'EELE106']"
81555,Sharon Sanchez,87.79,psychology,Term 4,"['SPSY401', 'SPSY402', 'SPSY403', 'SPSY404', 'SPSY405', 'SPSY406']"
56541,Ashlee Lowe,89.73,psychology,Term 3,"['SPSY301', 'SPSY302', 'SPSY303', 'SPSY304', 'SPSY305', 'SPSY306']"
85832,Thomas Sellers,86.68,maths,Term 6,"['SMAT601', 'SMAT602', 'SMAT603', 'SMAT604', 'SMAT605', 'SMAT606']"
87352,Jeremy Davis,66.92,maths,Term 5,"['SMAT501', 'SMAT502', 'SMAT503', 'SMAT504', 'SMAT505', 'SMAT506']"
98444,James Lawson,88.89,computer,Term 7,"['ECOM701', 'ECOM702', 'ECOM703', 'ECOM704', 'ECOM705', 'ECOM706']"
34864,Mark Waters,88.45,mathsteaching,Term 2,"['EMAT201', 'EMAT202', 'EMAT203', 'EMAT204', 'EMAT205', 'EMAT206']"
68139,Tyler Walsh,77.46,computer,Term 6,"['ECOM601', 'ECOM602', 'ECOM603', 'ECOM604', 'ECOM605', 'ECOM606']"
35665,Stacey Williams,70.36,physicsteaching,Term 8,"['EPHY801', 'EPHY802', 'EPHY803', 'EPHY804', 'EPHY805', 'EPHY806']"
80742,Jamie Jennings,75.51,psychology,Term 8,"['SPSY801', 'SPSY802', 'SPSY803', 'SPSY804', 'SPSY805', 'SPSY806']"
10213,Diane Green,75.24,mathsteaching,Term 8,"['EMAT801', 'EMAT802', 'EMAT803', 'EMAT804', 'EMAT805', 'EMAT806']"
26552,Sylvia Moore,62.43,physicsteaching,Term 5,"['EPHY501', 'EPHY502', 'EPHY503', 'EPHY504', 'EPHY505', 'EPHY506']"
83461,Mrs. Kelly Bowers,98.61,electronics,Term 3,"['EELE301', 'EELE302', 'EELE303', 'EELE304', 'EELE305', 'EELE306']"
82824,Richard Kennedy,96.54,mathsteaching,Term 4,"['EMAT401', 'EMAT402', 'EMAT403', 'EMAT404', 'EMAT405', 'EMAT406']"
27560,Austin Diaz,81.57,physics,Term 7,"['SPHY701', 'SPHY702', 'SPHY703', 'SPHY704', 'SPHY705', 'SPHY706']"
21482,Sara Black,70.66,physics,Term 3,"['SPHY301', 'SPHY302', 'SPHY303', 'SPHY304', 'SPHY305', 'SPHY306']"
12165,Geoffrey Lewis,89.2,psychology,Term 1,"['SPSY101', 'SPSY102', 'SPSY103', 'SPSY104', 'SPSY105', 'SPSY106']"
20086,Anna Fuentes,66.74,electronics,Term 1,"['EELE101', 'EELE102', 'EELE103', 'EELE104', 'EELE105', 'EELE106']"
47411,David Jenkins,72.07,civil,Term 8,"['ECIV801', 'ECIV802', 'ECIV803', 'ECIV804', 'ECIV805', 'ECIV806']"
11481,Thomas Cisneros,61.46,computer,Term 7,"['ECOM701', 'ECOM702', 'ECOM703', 'ECOM704', 'ECOM705', 'ECOM706']"
38641,Meredith Harrell,79.41,electronics,Term 1,"['EELE101', 'EELE102', 'EELE103', 'EELE104', 'EELE105', 'EELE106']"
56682,Daniel Madden,98.86,mathsteaching,Term 3,"['EMAT301', 'EMAT302', 'EMAT303', 'EMAT304', 'EMAT305', 'EMAT306']"
37457,Deborah Carter,62.39,physicsteaching,Term 8,"['EPHY801', 'EPHY802', 'EPHY803', 'EPHY804', 'EPHY805', 'EPHY806']"
52584,Parker Lloyd,86.94,physicsteaching,Term 7,"['EPHY701', 'EPHY702', 'EPHY703', 'EPHY704', 'EPHY705', 'EPHY706']"
90885,Courtney Adams,65.11,physics,Term 4,"['SPHY401', 'SPHY402', 'SPHY403', 'SPHY404', 'SPHY405', 'SPHY406']"
74493,Diane Johnston,83.72,psychology,Term 7,"['SPSY701', 'SPSY702', 'SPSY703', 'SPSY704', 'SPSY705', 'SPSY706']"
99418,Brandi Howard,94.02,physicsteaching,Term 7,"['EPHY701', 'EPHY702', 'EPHY703', 'EPHY704', 'EPHY705', 'EPHY706']"
75430,Alexandria Bailey,99.68,literatureteaching,Term 3,"['ELIT301', 'ELIT302', 'ELIT303', 'ELIT304', 'ELIT305', 'ELIT306']"
56457,Mary Miller,94.48,physicsteaching,Term 3,"['EPHY301', 'EPHY302', 'EPHY303', 'EPHY304', 'EPHY305', 'EPHY306']"
58192,Angela Pennington,81.57,mathsteaching,Term 4,"['EMAT401', 'EMAT402', 'EMAT403', 'EMAT404', 'EMAT405', 'EMAT406']"
48785,Brent Bentley,88.25,maths,Term 6,"['SMAT601', 'SMAT602', 'SMAT603', 'SMAT604', 'SMAT605', 'SMAT606']"
70687,Ann Kennedy,72.16,civil,Term 3,"['ECIV301', 'ECIV302', 'ECIV303', 'ECIV304', 'ECIV305', 'ECIV306']"
60500,James Fernandez,85.08,computer,Term 1,"['ECOM101', 'ECOM102', 'ECOM103', 'ECOM104', 'ECOM105', 'ECOM106']"
63264,William Schmidt,93.1,maths,Term 4,"['SMAT401', 'SMAT402', 'SMAT403', 'SMAT404', 'SMAT405', 'SMAT406']"
27083,Andrew Miller,76.36,civil,Term 2,"['ECIV201', 'ECIV202', 'ECIV203', 'ECIV204', 'ECIV205', 'ECIV206']"
77244,Sophia Flores,96.08,mathsteaching,Term 6,"['EMAT601', 'EMAT602', 'EMAT603', 'EMAT604', 'EMAT605', 'EMAT606']"
85833,Andrew Gross,76.51,maths,Term 7,"['SMAT701', 'SMAT702', 'SMAT703', 'SMAT704', 'SMAT705', 'SMAT706']"
20372,Raymond Davis,68.29,physics,Term 4,"['SPHY401', 'SPHY402', 'SPHY403', 'SPHY404', 'SPHY405', 'SPHY406']"
33863,Renee Thomas,72.15,mathsteaching,Term 1,"['EMAT101', 'EMAT102', 'EMAT103', 'EMAT104', 'EMAT105', 'EMAT106']"
24275,Emily Taylor,76.91,computer,Term 1,"['ECOM101', 'ECOM102', 'ECOM103', 'ECOM104', 'ECOM105', 'ECOM106']"
17824,Joseph Moore,91.24,psychology,Term 6,"['SPSY601', 'SPSY602', 'SPSY603', 'SPSY604', 'SPSY605', 'SPSY606']"
92013,Kerry Mcclain,65.35,electronics,Term 7,"['EELE701', 'EELE702', 'EELE703', 'EELE704', 'EELE705', 'EELE706']"
76045,Erica Marquez,71.66,maths,Term 1,"['SMAT101', 'SMAT102', 'SMAT103', 'SMAT104', 'SMAT105', 'SMAT106']"
73305,Ashley Harvey,96.91,electronics,Term 7,"['EELE701', 'EELE702', 'EELE703', 'EELE704', 'EELE705', 'EELE706']"
65617,Cory Franklin,81.3,mathsteaching,Term 2,"['EMAT201', 'EMAT202', 'EMAT203', 'EMAT204', 'EMAT205', 'EMAT206']"
89102,Daniel Jenkins,63.97,electronics,Term 8,"['EELE801', 'EELE802', 'EELE803', 'EELE804', 'EELE805', 'EELE806']"
49151,Evan Douglas,67.98,mathsteaching,Term 6,"['EMAT601', 'EMAT602', 'EMAT603', 'EMAT604', 'EMAT605', 'EMAT606']"
55169,James Thompson,85.79,mathsteaching,Term 8,"['EMAT801', 'EMAT802', 'EMAT803', 'EMAT804', 'EMAT805', 'EMAT806']"
85320,Mia Le,71.9,civil,Term 7,"['ECIV701', 'ECIV702', 'ECIV703', 'ECIV704', 'ECIV705', 'ECIV706']"
95291,Jeremiah Hamilton,67.58,mathsteaching,Term 7,"['EMAT701', 'EMAT702', 'EMAT703', 'EMAT704', 'EMAT705', 'EMAT706']"
11442,Jordan Whitehead,96.27,mathsteaching,Term 2,"['EMAT201', 'EMAT202', 'EMAT203', 'EMAT204', 'EMAT205', 'EMAT206']"
73809,Andrew Rivera,91.88,electronics,Term 1,"['EELE101', 'EELE102', 'EELE103', 'EELE104', 'EELE105', 'EELE106']"
39828,Joseph Johnson,79.11,electronics,Term 2,"['EELE201', 'EELE202', 'EELE203', 'EELE204', 'EELE205', 'EELE206']"
75648,Deanna Brewer,90.56,literatureteaching,Term 5,"['ELIT501', 'ELIT502', 'ELIT503', 'ELIT504', 'ELIT505', 'ELIT506']"
75479,Andrew Bowers,75.24,mathsteaching,Term 6,"['EMAT601', 'EMAT602', 'EMAT603', 'EMAT604', 'EMAT605', 'EMAT606']"
35260,Rachel Bullock,83.52,computer,Term 4,"['ECOM401', 'ECOM402', 'ECOM403', 'ECOM404', 'ECOM405', 'ECOM406']"
31168,Paige Kemp,96.61,physicsteaching,Term 6,"['EPHY601', 'EPHY602', 'EPHY603', 'EPHY604', 'EPHY605', 'EPHY606']"
16877,Amanda Hill,84.89,civil,Term 6,"['ECIV601', 'ECIV602', 'ECIV603', 'ECIV604', 'ECIV605', 'ECIV606']"
81145,Adam Holmes,60.57,psychology,Term 1,"['SPSY101', 'SPSY102', 'SPSY103', 'SPSY104', 'SPSY105', 'SPSY106']"
61435,Kayla Benson,78.76,literatureteaching,Term 3,"['ELIT301', 'ELIT302', 'ELIT303', 'ELIT304', 'ELIT305', 'ELIT306']"
84028,Gary Dixon,81.48,civil,Term 7,"['ECIV701', 'ECIV702', 'ECIV703', 'ECIV704', 'ECIV705', 'ECIV706']"
20067,Theresa Hunter,84.93,electronics,Term 6,"['EELE601', 'EELE602', 'EELE603', 'EELE604', 'EELE605', 'EELE606']"
93187,Patricia Cabrera,72.14,physicsteaching,Term 3,"['EPHY301', 'EPHY302', 'EPHY303', 'EPHY304', 'EPHY305', 'EPHY306']"
48240,Billy Kim,81.43,physicsteaching,Term 2,"['EPHY201', 'EPHY202', 'EPHY203', 'EPHY204', 'EPHY205', 'EPHY206']"
74405,Daniel Smith,81.52,electronics,Term 3,"['EELE301', 'EELE302', 'EELE303', 'EELE304', 'EELE305', 'EELE306']"
37317,James Nixon,67.47,electronics,Term 7,"['EELE701', 'EELE702', 'EELE703', 'EELE704', 'EELE705', 'EELE706']"
96739,Devon Davis,70.47,computer,Term 1,"['ECOM101', 'ECOM102', 'ECOM103', 'ECOM104', 'ECOM105', 'ECOM106']"
64661,Samuel Foster,82.33,psychology,Term 4,"['SPSY401', 'SPSY402', 'SPSY403', 'SPSY404', 'SPSY405', 'SPSY406']"
71816,Kristen Schultz,98.99,psychology,Term 6,"['SPSY601', 'SPSY602', 'SPSY603', 'SPSY604', 'SPSY605', 'SPSY606']"
73801,Travis Ortega,81.31,maths,Term 4,"['SMAT401', 'SMAT402', 'SMAT403', 'SMAT404', 'SMAT405', 'SMAT406']"
83566,Steve Miranda,80.81,physics,Term 4,"['SPHY401', 'SPHY402', 'SPHY403', 'SPHY404', 'SPHY405', 'SPHY406']"
24408,Dominique Jordan,75.79,mathsteaching,Term 1,"['EMAT101', 'EMAT102', 'EMAT103', 'EMAT104', 'EMAT105', 'EMAT106']"
62308,Nathan Allen,73.12,mathsteaching,Term 6,"['EMAT601', 'EMAT602', 'EMAT603', 'EMAT604', 'EMAT605', 'EMAT606']"
96218,Clifford Perez,87.3,literatureteaching,Term 2,"['ELIT201', 'ELIT202', 'ELIT203', 'ELIT204', 'ELIT205', 'ELIT206']"
43732,Lindsey Lopez,78.87,literatureteaching,Term 6,"['ELIT601', 'ELIT602', 'ELIT603', 'ELIT604', 'ELIT605', 'ELIT606']"
74685,Melissa Fox,65.46,physicsteaching,Term 4,"['EPHY401', 'EPHY402', 'EPHY403', 'EPHY404', 'EPHY405', 'EPHY406']"
63371,David Ferguson,63.67,computer,Term 7,"['ECOM701', 'ECOM702', 'ECOM703', 'ECOM704', 'ECOM705', 'ECOM706']"
83707,Lisa Sellers,74.01,literatureteaching,Term 3,"['ELIT301', 'ELIT302', 'ELIT303', 'ELIT304', 'ELIT305', 'ELIT306']"
48076,Janet Johnson,88.5,physicsteaching,Term 5,"['EPHY501', 'EPHY502', 'EPHY503', 'EPHY504', 'EPHY505', 'EPHY506']"
50488,Patrick Hines,91.31,mathsteaching,Term 5,"['EMAT501', 'EMAT502', 'EMAT503', 'EMAT504', 'EMAT505', 'EMAT506']"
81925,Carlos Fitzgerald,83.51,literatureteaching,Term 2,"['ELIT201', 'ELIT202', 'ELIT203', 'ELIT204', 'ELIT205', 'ELIT206']"
71511,Scott Gonzales,82.77,physics,Term 1,"['SPHY101', 'SPHY102', 'SPHY103', 'SPHY104', 'SPHY105', 'SPHY106']"
18866,Dennis Goodwin,96.23,physics,Term 4,"['SPHY401', 'SPHY402', 'SPHY403', 'SPHY404', 'SPHY405', 'SPHY406']"
18835,Carol Moore,95.95,electronics,Term 8,"['EELE801', 'EELE802', 'EELE803', 'EELE804', 'EELE805', 'EELE806']"
24752,Michelle Cook,75.72,physicsteaching,Term 1,"['EPHY101', 'EPHY102', 'EPHY103', 'EPHY104', 'EPHY105', 'EPHY106']"
39520,Antonio Freeman,94.63,mathsteaching,Term 5,"['EMAT501', 'EMAT502', 'EMAT503', 'EMAT504', 'EMAT505', 'EMAT506']"
13090,Kaitlyn Campbell,96.46,mathsteaching,Term 7,"['EMAT701', 'EMAT702', 'EMAT703', 'EMAT704', 'EMAT705', 'EMAT706']"
85880,Julie Mitchell,66.64,electronics,Term 2,"['EELE201', 'EELE202', 'EELE203', 'EELE204', 'EELE205', 'EELE206']"
83347,Denise Armstrong,93.92,psychology,Term 3,"['SPSY301', 'SPSY302', 'SPSY303', 'SPSY304', 'SPSY305', 'SPSY306']"
29012,Joseph Miller,84.0,electronics,Term 3,"['EELE301', 'EELE302', 'EELE303', 'EELE304', 'EELE305', 'EELE306']"
13848,Victoria Thompson,89.61,mathsteaching,Term 2,"['EMAT201', 'EMAT202', 'EMAT203', 'EMAT204', 'EMAT205', 'EMAT206']"
69526,Diane Williams,71.14,literatureteaching,Term 8,"['ELIT801', 'ELIT802', 'ELIT803', 'ELIT804', 'ELIT805', 'ELIT806']"
87282,Martin French,64.29,literatureteaching,Term 4,"['ELIT401', 'ELIT402', 'ELIT403', 'ELIT404', 'ELIT405', 'ELIT406']"
87486,Kathy Rodriguez,94.6,psychology,Term 4,"['SPSY401', 'SPSY402', 'SPSY403', 'SPSY404', 'SPSY405', 'SPSY406']"
35887,Jennifer Andrews,94.18,physics,Term 5,"['SPHY501', 'SPHY502', 'SPHY503', 'SPHY504', 'SPHY505', 'SPHY506']"
73652,Breanna Vazquez,78.57,physicsteaching,Term 7,"['EPHY701', 'EPHY702', 'EPHY703', 'EPHY704', 'EPHY705', 'EPHY706']"
62108,Pamela Thomas,84.91,physicsteaching,Term 1,"['EPHY101', 'EPHY102', 'EPHY103', 'EPHY104', 'EPHY105', 'EPHY106']"
65286,Tracey Cox,81.12,literatureteaching,Term 8,"['ELIT801', 'ELIT802', 'ELIT803', 'ELIT804', 'ELIT805', 'ELIT806']"
54716,Melissa Reyes,60.17,physics,Term 6,"['SPHY601', 'SPHY602', 'SPHY603', 'SPHY604', 'SPHY605', 'SPHY606']"
40110,Bruce Taylor,60.52,computer,Term 2,"['ECOM201', 'ECOM202', 'ECOM203', 'ECOM204', 'ECOM205', 'ECOM206']"
51330,Jason Green,63.56,physicsteaching,Term 2,"['EPHY201', 'EPHY202', 'EPHY203', 'EPHY204', 'EPHY205', 'EPHY206']"
74755,Brian Fritz,89.57,physicsteaching,Term 8,"['EPHY801', 'EPHY802', 'EPHY803', 'EPHY804', 'EPHY805', 'EPHY806']"
53048,Mary Jones,99.46,maths,Term 2,"['SMAT201', 'SMAT202', 'SMAT203', 'SMAT204', 'SMAT205', 'SMAT206']"
40104,Rebecca Morse,79.05,civil,Term 3,"['ECIV301', 'ECIV302', 'ECIV303', 'ECIV304', 'ECIV305', 'ECIV306']"
66350,Carolyn Johnson,67.24,physicsteaching,Term 3,"['EPHY301', 'EPHY302', 'EPHY303', 'EPHY304', 'EPHY305', 'EPHY306']"
51651,Michelle Kramer,79.94,electronics,Term 4,"['EELE401', 'EELE402', 'EELE403', 'EELE404', 'EELE405', 'EELE406']"
24970,Jason Johnson,73.57,electronics,Term 6,"['EELE601', 'EELE602', 'EELE603', 'EELE604', 'EELE605', 'EELE606']"
85853,Daniel Rogers,60.79,literatureteaching,Term 2,"['ELIT201', 'ELIT202', 'ELIT203', 'ELIT204', 'ELIT205', 'ELIT206']"
84610,Stacey Young,90.13,physics,Term 1,"['SPHY101', 'SPHY102', 'SPHY103', 'SPHY104', 'SPHY105', 'SPHY106']"
57744,Linda Solomon,81.46,computer,Term 8,"['ECOM801', 'ECOM802', 'ECOM803', 'ECOM804', 'ECOM805', 'ECOM806']"
38821,Mrs. Jill Riley DVM,99.74,maths,Term 8,"['SMAT801', 'SMAT802', 'SMAT803', 'SMAT804', 'SMAT805', 'SMAT806']"
14869,Dawn Boyd,76.66,physics,Term 4,"['SPHY401', 'SPHY402', 'SPHY403', 'SPHY404', 'SPHY405', 'SPHY406']"
99086,Christopher Watson,61.7,physics,Term 3,"['SPHY301', 'SPHY302', 'SPHY303', 'SPHY304', 'SPHY305', 'SPHY306']"
86986,Thomas Bowman,81.54,maths,Term 8,"['SMAT801', 'SMAT802', 'SMAT803', 'SMAT804', 'SMAT805', 'SMAT806']"
60819,Paula Henry,80.9,literatureteaching,Term 7,"['ELIT701', 'ELIT702', 'ELIT703', 'ELIT704', 'ELIT705', 'ELIT706']"
83993,Robert Smith,97.94,civil,Term 2,"['ECIV201', 'ECIV202', 'ECIV203', 'ECIV204', 'ECIV205', 'ECIV206']"
84387,Ricky Delgado,89.94,maths,Term 2,"['SMAT201', 'SMAT202', 'SMAT203', 'SMAT204', 'SMAT205', 'SMAT206']"
71988,William Page,97.18,physicsteaching,Term 5,"['EPHY501', 'EPHY502', 'EPHY503', 'EPHY504', 'EPHY505', 'EPHY506']"
74005,Terry Lambert,98.22,physicsteaching,Term 5,"['EPHY501', 'EPHY502', 'EPHY503', 'EPHY504', 'EPHY505', 'EPHY506']"
23694,Jocelyn Wells,97.66,literatureteaching,Term 8,"['ELIT801', 'ELIT802', 'ELIT803', 'ELIT804', 'ELIT805', 'ELIT806']"
21896,Tonya Schaefer,60.43,physics,Term 8,"['SPHY801', 'SPHY802', 'SPHY803', 'SPHY804', 'SPHY805', 'SPHY806']"
59599,William Cox,95.29,psychology,Term 4,"['SPSY401', 'SPSY402', 'SPSY403', 'SPSY404', 'SPSY405', 'SPSY406']"
46592,Mitchell Pierce,84.34,literatureteaching,Term 4,"['ELIT401', 'ELIT402', 'ELIT403', 'ELIT404', 'ELIT405', 'ELIT406']"
67872,Bryan Gallagher,72.68,mathsteaching,Term 2,"['EMAT201', 'EMAT202', 'EMAT203', 'EMAT204', 'EMAT205', 'EMAT206']"
86949,Maria Smith,60.58,electronics,Term 8,"['EELE801', 'EELE802', 'EELE803', 'EELE804', 'EELE805', 'EELE806']"
58592,Lindsey Cole,79.24,physics,Term 8,"['SPHY801', 'SPHY802', 'SPHY803', 'SPHY804', 'SPHY805', 'SPHY806']"
16266,Regina Fisher,90.14,electronics,Term 5,"['EELE501', 'EELE502', 'EELE503', 'EELE504', 'EELE505', 'EELE506']"
11771,Lisa Richardson,80.91,maths,Term 6,"['SMAT601', 'SMAT602', 'SMAT603', 'SMAT604', 'SMAT605', 'SMAT606']"
95706,Melissa Wright,61.13,physics,Term 3,"['SPHY301', 'SPHY302', 'SPHY303', 'SPHY304', 'SPHY305', 'SPHY306']"
96489,Alexander Bowen,80.75,mathsteaching,Term 2,"['EMAT201', 'EMAT202', 'EMAT203', 'EMAT204', 'EMAT205', 'EMAT206']"
66281,Gary Pineda,94.34,psychology,Term 8,"['SPSY801', 'SPSY802', 'SPSY803', 'SPSY804', 'SPSY805', 'SPSY806']"
41597,Maria Phillips,89.11,literatureteaching,Term 1,"['ELIT101', 'ELIT102', 'ELIT103', 'ELIT104', 'ELIT105', 'ELIT106']"
69741,Michael Green,73.04,physics,Term 5,"['SPHY501', 'SPHY502', 'SPHY503', 'SPHY504', 'SPHY505', 'SPHY506']"
86228,Sean Martin,81.26,physicsteaching,Term 3,"['EPHY301', 'EPHY302', 'EPHY303', 'EPHY304', 'EPHY305', 'EPHY306']"
57155,Ronald Miller,74.91,electronics,Term 8,"['EELE801', 'EELE802', 'EELE803', 'EELE804', 'EELE805', 'EELE806']"
68799,Carol Henry,99.57,mathsteaching,Term 5,"['EMAT501', 'EMAT502', 'EMAT503', 'EMAT504', 'EMAT505', 'EMAT506']"
80395,Mr. Brian Weiss,81.77,electronics,Term 5,"['EELE501', 'EELE502', 'EELE503', 'EELE504', 'EELE505', 'EELE506']"
33733,Kimberly Pruitt,78.77,civil,Term 2,"['ECIV201', 'ECIV202', 'ECIV203', 'ECIV204', 'ECIV205', 'ECIV206']"
85017,Ronnie Moore,87.64,electronics,Term 3,"['EELE301', 'EELE302', 'EELE303', 'EELE304', 'EELE305', 'EELE306']"
97723,Melissa Mcmillan,65.33,physicsteaching,Term 5,"['EPHY501', 'EPHY502', 'EPHY503', 'EPHY504', 'EPHY505', 'EPHY506']"
22414,Barbara Goodwin,86.65,civil,Term 8,"['ECIV801', 'ECIV802', 'ECIV803', 'ECIV804', 'ECIV805', 'ECIV806']"
96349,Zoe Bell,73.14,physics,Term 5,"['SPHY501', 'SPHY502', 'SPHY503', 'SPHY504', 'SPHY505', 'SPHY506']"
69598,Edward Bennett,64.7,computer,Term 5,"['ECOM501', 'ECOM502', 'ECOM503', 'ECOM504', 'ECOM505', 'ECOM506']"
53181,Ryan Johnson,67.21,physics,Term 7,"['SPHY701', 'SPHY702', 'SPHY703', 'SPHY704', 'SPHY705', 'SPHY706']"
33799,Amanda Davis,66.08,computer,Term 6,"['ECOM601', 'ECOM602', 'ECOM603', 'ECOM604', 'ECOM605', 'ECOM606']"
56921,Jesus Anderson,85.31,literatureteaching,Term 2,"['ELIT201', 'ELIT202', 'ELIT203', 'ELIT204', 'ELIT205', 'ELIT206']"
77546,John Jackson,89.16,physicsteaching,Term 4,"['EPHY401', 'EPHY402', 'EPHY403', 'EPHY404', 'EPHY405', 'EPHY406']"
28647,Terry Miller,66.14,physicsteaching,Term 8,"['EPHY801', 'EPHY802', 'EPHY803', 'EPHY804', 'EPHY805', 'EPHY806']"
91541,Robert Jennings,88.33,literatureteaching,Term 3,"['ELIT301', 'ELIT302', 'ELIT303', 'ELIT304', 'ELIT305', 'ELIT306']"
37293,Melinda Gibson,85.7,mathsteaching,Term 2,"['EMAT201', 'EMAT202', 'EMAT203', 'EMAT204', 'EMAT205', 'EMAT206']"
28509,Katherine Munoz,75.33,psychology,Term 1,"['SPSY101', 'SPSY102', 'SPSY103', 'SPSY104', 'SPSY105', 'SPSY106']"
86725,Claudia Schultz,80.48,mathsteaching,Term 1,"['EMAT101', 'EMAT102', 'EMAT103', 'EMAT104', 'EMAT105', 'EMAT106']"
81190,Allison Brown,99.0,computer,Term 1,"['ECOM101', 'ECOM102', 'ECOM103', 'ECOM104', 'ECOM105', 'ECOM106']"
75036,Devin Schwartz,80.38,mathsteaching,Term 1,"['EMAT101', 'EMAT102', 'EMAT103', 'EMAT104', 'EMAT105', 'EMAT106']"
53984,Bryan Wong,67.15,psychology,Term 5,"['SPSY501', 'SPSY502', 'SPSY503', 'SPSY504', 'SPSY505', 'SPSY506']"
41746,Margaret Gonzalez,71.81,literatureteaching,Term 6,"['ELIT601', 'ELIT602', 'ELIT603', 'ELIT604', 'ELIT605', 'ELIT606']"
84021,Jeffrey Anderson,99.84,electronics,Term 2,"['EELE201', 'EELE202', 'EELE203', 'EELE204', 'EELE205', 'EELE206']"
76580,Tiffany Griffin,74.92,electronics,Term 5,"['EELE501', 'EELE502', 'EELE503', 'EELE504', 'EELE505', 'EELE506']"
37722,Lisa Collins,68.86,literatureteaching,Term 6,"['ELIT601', 'ELIT602', 'ELIT603', 'ELIT604', 'ELIT605', 'ELIT606']"
18675,Leslie Thomas,82.9,physics,Term 1,"['SPHY101', 'SPHY102', 'SPHY103', 'SPHY104', 'SPHY105', 'SPHY106']"
20063,Timothy Rodriguez,94.71,physics,Term 3,"['SPHY301', 'SPHY302', 'SPHY303', 'SPHY304', 'SPHY305', 'SPHY306']"
46384,Jason Davis,81.75,computer,Term 4,"['ECOM401', 'ECOM402', 'ECOM403', 'ECOM404', 'ECOM405', 'ECOM406']"
93876,Jessica Johnson,60.15,literatureteaching,Term 5,"['ELIT501', 'ELIT502', 'ELIT503', 'ELIT504', 'ELIT505', 'ELIT506']"
79919,Jeffery Joseph,85.8,physicsteaching,Term 7,"['EPHY701', 'EPHY702', 'EPHY703', 'EPHY704', 'EPHY705', 'EPHY706']"
38061,Gregory Vaughan,86.15,physicsteaching,Term 2,"['EPHY201', 'EPHY202', 'EPHY203', 'EPHY204', 'EPHY205', 'EPHY206']"
31832,Paul Todd,75.52,literatureteaching,Term 3,"['ELIT301', 'ELIT302', 'ELIT303', 'ELIT304', 'ELIT305', 'ELIT306']"
25482,Steven Summers,84.58,psychology,Term 6,"['SPSY601', 'SPSY602', 'SPSY603', 'SPSY604', 'SPSY605', 'SPSY606']"
44265,Laura Sanders,66.97,mathsteaching,Term 1,"['EMAT101', 'EMAT102', 'EMAT103', 'EMAT104', 'EMAT105', 'EMAT106']"
47131,Nathan Steele,93.1,electronics,Term 4,"['EELE401', 'EELE402', 'EELE403', 'EELE404', 'EELE405', 'EELE406']"
38397,Melissa Raymond,99.5,physicsteaching,Term 8,"['EPHY801', 'EPHY802', 'EPHY803', 'EPHY804', 'EPHY805', 'EPHY806']"
92215,Allison Rhodes,76.01,physicsteaching,Term 2,"['EPHY201', 'EPHY202', 'EPHY203', 'EPHY204', 'EPHY205', 'EPHY206']"
57055,Donna Higgins,80.56,maths,Term 5,"['SMAT501', 'SMAT502', 'SMAT503', 'SMAT504', 'SMAT505', 'SMAT506']"
52326,Alexis Bishop,76.23,mathsteaching,Term 5,"['EMAT501', 'EMAT502', 'EMAT503', 'EMAT504', 'EMAT505', 'EMAT506']"
42334,Felicia Miles,73.88,physics,Term 1,"['SPHY101', 'SPHY102', 'SPHY103', 'SPHY104', 'SPHY105', 'SPHY106']"
84402,Lisa Lopez,87.64,civil,Term 7,"['ECIV701', 'ECIV702', 'ECIV703', 'ECIV704', 'ECIV705', 'ECIV706']"
36243,Angela Bradley,89.39,physicsteaching,Term 4,"['EPHY401', 'EPHY402', 'EPHY403', 'EPHY404', 'EPHY405', 'EPHY406']"
40945,Christina Mcguire,81.85,civil,Term 2,"['ECIV201', 'ECIV202', 'ECIV203', 'ECIV204', 'ECIV205', 'ECIV206']"
87725,Lisa Stephens,65.06,mathsteaching,Term 4,"['EMAT401', 'EMAT402', 'EMAT403', 'EMAT404', 'EMAT405', 'EMAT406']"
69897,Neil Martinez,85.38,literatureteaching,Term 1,"['ELIT101', 'ELIT102', 'ELIT103', 'ELIT104', 'ELIT105', 'ELIT106']"
66399,Ian Lee,86.15,maths,Term 2,"['SMAT201', 'SMAT202', 'SMAT203', 'SMAT204', 'SMAT205', 'SMAT206']"
45994,Robert Barnes,70.97,psychology,Term 1,"['SPSY101', 'SPSY102', 'SPSY103', 'SPSY104', 'SPSY105', 'SPSY106']"
82219,Robert Martin,76.59,psychology,Term 6,"['SPSY601', 'SPSY602', 'SPSY603', 'SPSY604', 'SPSY605', 'SPSY606']"
24169,John Zuniga,72.59,psychology,Term 6,"['SPSY601', 'SPSY602', 'SPSY603', 'SPSY604', 'SPSY605', 'SPSY606']"
13540,Jason Dunn,93.55,physicsteaching,Term 4,"['EPHY401', 'EPHY402', 'EPHY403', 'EPHY404', 'EPHY405', 'EPHY406']"
85671,Mrs. Lauren Fleming,71.41,physicsteaching,Term 7,"['EPHY701', 'EPHY702', 'EPHY703', 'EPHY704', 'EPHY705', 'EPHY706']"
82646,Cindy Flores,60.18,physicsteaching,Term 7,"['EPHY701', 'EPHY702', 'EPHY703', 'EPHY704', 'EPHY705', 'EPHY706']"
77283,Nathan Davis,66.12,maths,Term 1,"['SMAT101', 'SMAT102', 'SMAT103', 'SMAT104', 'SMAT105', 'SMAT106']"
31392,Sherri Harris,93.9,mathsteaching,Term 4,"['EMAT401', 'EMAT402', 'EMAT403', 'EMAT404', 'EMAT405', 'EMAT406']"
10397,Ashley Ward,81.01,physics,Term 8,"['SPHY801', 'SPHY802', 'SPHY803', 'SPHY804', 'SPHY805', 'SPHY806']"
40088,Stacey Barnes,61.46,civil,Term 6,"['ECIV601', 'ECIV602', 'ECIV603', 'ECIV604', 'ECIV605', 'ECIV606']"
67837,Mackenzie Moore,64.93,literatureteaching,Term 5,"['ELIT501', 'ELIT502', 'ELIT503', 'ELIT504', 'ELIT505', 'ELIT506']"
64476,Leah Miller,75.68,electronics,Term 6,"['EELE601', 'EELE602', 'EELE603', 'EELE604', 'EELE605', 'EELE606']"
41796,Wesley Gomez DDS,87.45,maths,Term 5,"['SMAT501', 'SMAT502', 'SMAT503', 'SMAT504', 'SMAT505', 'SMAT506']"
28351,Nicole Mcdonald,61.44,maths,Term 2,"['SMAT201', 'SMAT202', 'SMAT203', 'SMAT204', 'SMAT205', 'SMAT206']"
29549,Philip Miller,96.57,physics,Term 3,"['SPHY301', 'SPHY302', 'SPHY303', 'SPHY304', 'SPHY305', 'SPHY306']"
80296,Christine Castaneda,76.02,mathsteaching,Term 8,"['EMAT801', 'EMAT802', 'EMAT803', 'EMAT804', 'EMAT805', 'EMAT806']"
55198,Richard Hall,75.94,physics,Term 2,"['SPHY201', 'SPHY202', 'SPHY203', 'SPHY204', 'SPHY205', 'SPHY206']"
64974,Raymond Burton,89.5,maths,Term 5,"['SMAT501', 'SMAT502', 'SMAT503', 'SMAT504', 'SMAT505', 'SMAT506']"
36697,Kimberly Macdonald,63.9,civil,Term 3,"['ECIV301', 'ECIV302', 'ECIV303', 'ECIV304', 'ECIV305', 'ECIV306']"
51505,Kimberly Hernandez,90.67,psychology,Term 4,"['SPSY401', 'SPSY402', 'SPSY403', 'SPSY404', 'SPSY405', 'SPSY406']"
23685,Sabrina Dunn,69.41,physics,Term 1,"['SPHY101', 'SPHY102', 'SPHY103', 'SPHY104', 'SPHY105', 'SPHY106']"
88055,William Tanner,99.66,physicsteaching,Term 3,"['EPHY301', 'EPHY302', 'EPHY303', 'EPHY304', 'EPHY305', 'EPHY306']"
86284,Fred Andrade,67.2,psychology,Term 7,"['SPSY701', 'SPSY702', 'SPSY703', 'SPSY704', 'SPSY705', 'SPSY706']"
27933,Morgan Hernandez,75.05,maths,Term 5,"['SMAT501', 'SMAT502', 'SMAT503', 'SMAT504', 'SMAT505', 'SMAT506']"
36429,Austin Harrison,83.95,mathsteaching,Term 2,"['EMAT201', 'EMAT202', 'EMAT203', 'EMAT204', 'EMAT205', 'EMAT206']"
11891,Jessica Reyes,80.68,mathsteaching,Term 4,"['EMAT401', 'EMAT402', 'EMAT403', 'EMAT404', 'EMAT405', 'EMAT406']"
21029,Anna Edwards,80.56,mathsteaching,Term 3,"['EMAT301', 'EMAT302', 'EMAT303', 'EMAT304', 'EMAT305', 'EMAT306']"
44638,Amanda Gibson,82.93,literatureteaching,Term 5,"['ELIT501', 'ELIT502', 'ELIT503', 'ELIT504', 'ELIT505', 'ELIT506']"
82804,Paige Taylor,72.77,maths,Term 5,"['SMAT501', 'SMAT502', 'SMAT503', 'SMAT504', 'SMAT505', 'SMAT506']"
99311,Diane Smith,93.38,civil,Term 4,"['ECIV401', 'ECIV402', 'ECIV403', 'ECIV404', 'ECIV405', 'ECIV406']"
31418,Emma Moore,90.06,physics,Term 1,"['SPHY101', 'SPHY102', 'SPHY103', 'SPHY104', 'SPHY105', 'SPHY106']"
44972,Scott Sanders,77.65,psychology,Term 6,"['SPSY601', 'SPSY602', 'SPSY603', 'SPSY604', 'SPSY605', 'SPSY606']"
54864,Maria Osborn,61.3,electronics,Term 6,"['EELE601', 'EELE602', 'EELE603', 'EELE604', 'EELE605', 'EELE606']"
10974,Charles Moore,94.98,physics,Term 2,"['SPHY201', 'SPHY202', 'SPHY203', 'SPHY204', 'SPHY205', 'SPHY206']"
36397,Sharon Woods,92.2,psychology,Term 5,"['SPSY501', 'SPSY502', 'SPSY503', 'SPSY504', 'SPSY505', 'SPSY506']"
36407,Nicole Phillips,64.52,mathsteaching,Term 7,"['EMAT701', 'EMAT702', 'EMAT703', 'EMAT704', 'EMAT705', 'EMAT706']"
65667,William Jones,91.38,physics,Term 7,"['SPHY701', 'SPHY702', 'SPHY703', 'SPHY704', 'SPHY705', 'SPHY706']"
57551,Russell Walter,97.12,literatureteaching,Term 8,"['ELIT801', 'ELIT802', 'ELIT803', 'ELIT804', 'ELIT805', 'ELIT806']"
77324,Anthony White,87.98,electronics,Term 1,"['EELE101', 'EELE102', 'EELE103', 'EELE104', 'EELE105', 'EELE106']"
22562,Michael Parsons,86.07,maths,Term 6,"['SMAT601', 'SMAT602', 'SMAT603', 'SMAT604', 'SMAT605', 'SMAT606']"
13130,Robin Jones,74.41,physics,Term 1,"['SPHY101', 'SPHY102', 'SPHY103', 'SPHY104', 'SPHY105', 'SPHY106']"
16124,Theresa Hall,60.61,mathsteaching,Term 3,"['EMAT301', 'EMAT302', 'EMAT303', 'EMAT304', 'EMAT305', 'EMAT306']"
61245,Mario Cardenas,89.72,physics,Term 8,"['SPHY801', 'SPHY802', 'SPHY803', 'SPHY804', 'SPHY805', 'SPHY806']"
74778,Mary Goodwin,66.82,computer,Term 4,"['ECOM401', 'ECOM402', 'ECOM403', 'ECOM404', 'ECOM405', 'ECOM406']"
90352,Megan Pugh,64.8,civil,Term 1,"['ECIV101', 'ECIV102', 'ECIV103', 'ECIV104', 'ECIV105', 'ECIV106']"
24592,Chase Thompson,99.9,physics,Term 3,"['SPHY301', 'SPHY302', 'SPHY303', 'SPHY304', 'SPHY305', 'SPHY306']"
97041,Todd Johnson,70.81,computer,Term 6,"['ECOM601', 'ECOM602', 'ECOM603', 'ECOM604', 'ECOM605', 'ECOM606']"
29760,Robert Lewis,65.35,mathsteaching,Term 5,"['EMAT501', 'EMAT502', 'EMAT503', 'EMAT504', 'EMAT505', 'EMAT506']"
93044,Sharon Irwin,62.96,psychology,Term 6,"['SPSY601', 'SPSY602', 'SPSY603', 'SPSY604', 'SPSY605', 'SPSY606']"
68890,Kelly Wilson,71.92,psychology,Term 1,"['SPSY101', 'SPSY102', 'SPSY103', 'SPSY104', 'SPSY105', 'SPSY106']"
56511,Lisa Blackburn,93.59,electronics,Term 4,"['EELE401', 'EELE402', 'EELE403', 'EELE404', 'EELE405', 'EELE406']"
69706,Stacy Tran,65.01,physicsteaching,Term 7,"['EPHY701', 'EPHY702', 'EPHY703', 'EPHY704', 'EPHY705', 'EPHY706']"
67271,Holly Johnston,69.52,electronics,Term 8,"['EELE801', 'EELE802', 'EELE803', 'EELE804', 'EELE805', 'EELE806']"
64822,Justin Patton,68.45,literatureteaching,Term 7,"['ELIT701', 'ELIT702', 'ELIT703', 'ELIT704', 'ELIT705', 'ELIT706']"
98185,Justin Rose,89.05,electronics,Term 1,"['EELE101', 'EELE102', 'EELE103', 'EELE104', 'EELE105', 'EELE106']"
77215,Christopher Abbott,60.55,physics,Term 3,"['SPHY301', 'SPHY302', 'SPHY303', 'SPHY304', 'SPHY305', 'SPHY306']"
23347,Andrew Davis,90.01,electronics,Term 3,"['EELE301', 'EELE302', 'EELE303', 'EELE304', 'EELE305', 'EELE306']"
19556,Zachary Harding,65.13,literatureteaching,Term 8,"['ELIT801', 'ELIT802', 'ELIT803', 'ELIT804', 'ELIT805', 'ELIT806']"
15643,Shannon Jones,97.47,literatureteaching,Term 6,"['ELIT601', 'ELIT602', 'ELIT603', 'ELIT604', 'ELIT605', 'ELIT606']"
19785,Karla Sandoval,81.83,computer,Term 2,"['ECOM201', 'ECOM202', 'ECOM203', 'ECOM204', 'ECOM205', 'ECOM206']"
92276,Amy Riley,81.41,psychology,Term 5,"['SPSY501', 'SPSY502', 'SPSY503', 'SPSY504', 'SPSY505', 'SPSY506']"
14993,Rebecca Tyler,93.37,physics,Term 2,"['SPHY201', 'SPHY202', 'SPHY203', 'SPHY204', 'SPHY205', 'SPHY206']"
14953,Jacob Reilly,70.29,physics,Term 5,"['SPHY501', 'SPHY502', 'SPHY503', 'SPHY504', 'SPHY505', 'SPHY506']"
40243,Mark Barker,80.73,literatureteaching,Term 4,"['ELIT401', 'ELIT402', 'ELIT403', 'ELIT404', 'ELIT405', 'ELIT406']"
53560,Donald Baker,87.63,maths,Term 4,"['SMAT401', 'SMAT402', 'SMAT403', 'SMAT404', 'SMAT405', 'SMAT406']"
88125,Laura Patel,77.45,civil,Term 5,"['ECIV501', 'ECIV502', 'ECIV503', 'ECIV504', 'ECIV505', 'ECIV506']"
24175,Melissa Thomas,66.09,physicsteaching,Term 7,"['EPHY701', 'EPHY702', 'EPHY703', 'EPHY704', 'EPHY705', 'EPHY706']"
93288,David Davis,83.42,literatureteaching,Term 2,"['ELIT201', 'ELIT202', 'ELIT203', 'ELIT204', 'ELIT205', 'ELIT206']"
40480,John Underwood,98.15,physics,Term 2,"['SPHY201', 'SPHY202', 'SPHY203', 'SPHY204', 'SPHY205', 'SPHY206']"
87210,Kelly Mack,62.94,literatureteaching,Term 3,"['ELIT301', 'ELIT302', 'ELIT303', 'ELIT304', 'ELIT305', 'ELIT306']"
51619,Robert Smith,83.26,literatureteaching,Term 2,"['ELIT201', 'ELIT202', 'ELIT203', 'ELIT204', 'ELIT205', 'ELIT206']"
95608,Rebecca Murphy,92.48,physics,Term 7,"['SPHY701', 'SPHY702', 'SPHY703', 'SPHY704', 'SPHY705', 'SPHY706']"
15874,Katherine Lewis,66.0,physics,Term 8,"['SPHY801', 'SPHY802', 'SPHY803', 'SPHY804', 'SPHY805', 'SPHY806']"
68740,Shelly Evans,75.2,physicsteaching,Term 1,"['EPHY101', 'EPHY102', 'EPHY103', 'EPHY104', 'EPHY105', 'EPHY106']"
69051,Timothy Ward,89.95,physicsteaching,Term 8,"['EPHY801', 'EPHY802', 'EPHY803', 'EPHY804', 'EPHY805', 'EPHY806']"
56280,Bradley Sellers,83.66,physicsteaching,Term 6,"['EPHY601', 'EPHY602', 'EPHY603', 'EPHY604', 'EPHY605', 'EPHY606']"
79763,David Rodriguez,93.41,maths,Term 5,"['SMAT501', 'SMAT502', 'SMAT503', 'SMAT504', 'SMAT505', 'SMAT506']"
91831,Jose Clark,72.46,civil,Term 2,"['ECIV201', 'ECIV202', 'ECIV203', 'ECIV204', 'ECIV205', 'ECIV206']"
54589,Dr. Ian Jones,88.61,electronics,Term 4,"['EELE401', 'EELE402', 'EELE403', 'EELE404', 'EELE405', 'EELE406']"
21813,Ian Rowe,72.44,literatureteaching,Term 3,"['ELIT301', 'ELIT302', 'ELIT303', 'ELIT304', 'ELIT305', 'ELIT306']"
20912,William Brown,82.09,literatureteaching,Term 2,"['ELIT201', 'ELIT202', 'ELIT203', 'ELIT204', 'ELIT205', 'ELIT206']"
19807,Eric Saunders,63.74,computer,Term 4,"['ECOM401', 'ECOM402', 'ECOM403', 'ECOM404', 'ECOM405', 'ECOM406']"
53714,Dawn Mueller,67.63,maths,Term 6,"['SMAT601', 'SMAT602', 'SMAT603', 'SMAT604', 'SMAT605', 'SMAT606']"
24129,Mark Gomez,95.61,electronics,Term 3,"['EELE301', 'EELE302', 'EELE303', 'EELE304', 'EELE305', 'EELE306']"
18560,Victoria Hernandez,61.97,computer,Term 4,"['ECOM401', 'ECOM402', 'ECOM403', 'ECOM404', 'ECOM405', 'ECOM406']"
60777,Kelsey Mcneil,77.37,psychology,Term 2,"['SPSY201', 'SPSY202', 'SPSY203', 'SPSY204', 'SPSY205', 'SPSY206']"
31917,Joshua Yoder,64.96,literatureteaching,Term 2,"['ELIT201', 'ELIT202', 'ELIT203', 'ELIT204', 'ELIT205', 'ELIT206']"
88024,Stuart Wu,63.11,psychology,Term 1,"['SPSY101', 'SPSY102', 'SPSY103', 'SPSY104', 'SPSY105', 'SPSY106']"
56733,Crystal Velasquez,79.08,physics,Term 6,"['SPHY601', 'SPHY602', 'SPHY603', 'SPHY604', 'SPHY605', 'SPHY606']"
43418,Jennifer Boyle,62.89,literatureteaching,Term 2,"['ELIT201', 'ELIT202', 'ELIT203', 'ELIT204', 'ELIT205', 'ELIT206']"
56685,Frederick Maldonado,94.87,mathsteaching,Term 2,"['EMAT201', 'EMAT202', 'EMAT203', 'EMAT204', 'EMAT205', 'EMAT206']"
49964,Jordan Williams,73.5,physics,Term 1,"['SPHY101', 'SPHY102', 'SPHY103', 'SPHY104', 'SPHY105', 'SPHY106']"
69103,Brian Harmon,66.36,psychology,Term 1,"['SPSY101', 'SPSY102', 'SPSY103', 'SPSY104', 'SPSY105', 'SPSY106']"
43035,Anthony Allen,66.23,physics,Term 2,"['SPHY201', 'SPHY202', 'SPHY203', 'SPHY204', 'SPHY205', 'SPHY206']"
74148,Christopher Reynolds,64.65,computer,Term 3,"['ECOM301', 'ECOM302', 'ECOM303', 'ECOM304', 'ECOM305', 'ECOM306']"
69288,Tina Jones,84.44,electronics,Term 6,"['EELE601', 'EELE602', 'EELE603', 'EELE604', 'EELE605', 'EELE606']"
72677,Matthew Schneider MD,81.41,physicsteaching,Term 7,"['EPHY701', 'EPHY702', 'EPHY703', 'EPHY704', 'EPHY705', 'EPHY706']"
11511,Jordan Cohen,61.11,physicsteaching,Term 2,"['EPHY201', 'EPHY202', 'EPHY203', 'EPHY204', 'EPHY205', 'EPHY206']"
60581,Wanda Middleton,95.85,civil,Term 5,"['ECIV501', 'ECIV502', 'ECIV503', 'ECIV504', 'ECIV505', 'ECIV506']"
63357,Laurie Pennington,83.65,mathsteaching,Term 8,"['EMAT801', 'EMAT802', 'EMAT803', 'EMAT804', 'EMAT805', 'EMAT806']"
26964,Brianna Foster,86.55,computer,Term 1,"['ECOM101', 'ECOM102', 'ECOM103', 'ECOM104', 'ECOM105', 'ECOM106']"
75580,Brittney Willis,96.03,literatureteaching,Term 1,"['ELIT101', 'ELIT102', 'ELIT103', 'ELIT104', 'ELIT105', 'ELIT106']"
47844,Jason Gutierrez,60.48,electronics,Term 7,"['EELE701', 'EELE702', 'EELE703', 'EELE704', 'EELE705', 'EELE706']"
63269,Katherine Snyder,69.03,electronics,Term 3,"['EELE301', 'EELE302', 'EELE303', 'EELE304', 'EELE305', 'EELE306']"
10026,Nicholas Carter,70.57,physics,Term 3,"['SPHY301', 'SPHY302', 'SPHY303', 'SPHY304', 'SPHY305', 'SPHY306']"
90233,Bryan Lee,61.31,physicsteaching,Term 8,"['EPHY801', 'EPHY802', 'EPHY803', 'EPHY804', 'EPHY805', 'EPHY806']"
47495,Melissa Thomas,96.81,computer,Term 7,"['ECOM701', 'ECOM702', 'ECOM703', 'ECOM704', 'ECOM705', 'ECOM706']"
77977,Christopher Garza,65.07,physicsteaching,Term 3,"['EPHY301', 'EPHY302', 'EPHY303', 'EPHY304', 'EPHY305', 'EPHY306']"
18394,Sarah Moore,68.65,maths,Term 1,"['SMAT101', 'SMAT102', 'SMAT103', 'SMAT104', 'SMAT105', 'SMAT106']"
34956,Diana Barrett,82.49,maths,Term 1,"['SMAT101', 'SMAT102', 'SMAT103', 'SMAT104', 'SMAT105', 'SMAT106']"
25694,Julie Reese,60.85,mathsteaching,Term 4,"['EMAT401', 'EMAT402', 'EMAT403', 'EMAT404', 'EMAT405', 'EMAT406']"
42185,Jaime Hall,91.8,maths,Term 8,"['SMAT801', 'SMAT802', 'SMAT803', 'SMAT804', 'SMAT805', 'SMAT806']"
14042,Kelly Jones,98.94,psychology,Term 5,"['SPSY501', 'SPSY502', 'SPSY503', 'SPSY504', 'SPSY505', 'SPSY506']"
74170,Ashley Shaw,88.88,maths,Term 3,"['SMAT301', 'SMAT302', 'SMAT303', 'SMAT304', 'SMAT305', 'SMAT306']"
75965,Virginia Francis,89.3,maths,Term 5,"['SMAT501', 'SMAT502', 'SMAT503', 'SMAT504', 'SMAT505', 'SMAT506']"
57698,Mark Foley,76.63,mathsteaching,Term 1,"['EMAT101', 'EMAT102', 'EMAT103', 'EMAT104', 'EMAT105', 'EMAT106']"
31983,Barbara Blackburn,86.16,psychology,Term 5,"['SPSY501', 'SPSY502', 'SPSY503', 'SPSY504', 'SPSY505', 'SPSY506']"
64390,Anthony Chapman,73.65,civil,Term 2,"['ECIV201', 'ECIV202', 'ECIV203', 'ECIV204', 'ECIV205', 'ECIV206']"
39974,Samuel Molina,83.14,physics,Term 3,"['SPHY301', 'SPHY302', 'SPHY303', 'SPHY304', 'SPHY305', 'SPHY306']"
66022,Michelle Gordon,80.39,psychology,Term 6,"['SPSY601', 'SPSY602', 'SPSY603', 'SPSY604', 'SPSY605', 'SPSY606']"
53188,James Day,74.64,mathsteaching,Term 4,"['EMAT401', 'EMAT402', 'EMAT403', 'EMAT404', 'EMAT405', 'EMAT406']"
35662,Albert Holmes,95.83,civil,Term 8,"['ECIV801', 'ECIV802', 'ECIV803', 'ECIV804', 'ECIV805', 'ECIV806']"
92437,Matthew Meyer,90.13,computer,Term 7,"['ECOM701', 'ECOM702', 'ECOM703', 'ECOM704', 'ECOM705', 'ECOM706']"
66624,Sarah Burke,72.93,civil,Term 6,"['ECIV601', 'ECIV602', 'ECIV603', 'ECIV604', 'ECIV605', 'ECIV606']"
74813,James Lee,83.98,computer,Term 5,"['ECOM501', 'ECOM502', 'ECOM503', 'ECOM504', 'ECOM505', 'ECOM506']"
79464,Amy Nguyen,82.9,literatureteaching,Term 6,"['ELIT601', 'ELIT602', 'ELIT603', 'ELIT604', 'ELIT605', 'ELIT606']"
12202,Nancy Baldwin,87.16,maths,Term 6,"['SMAT601', 'SMAT602', 'SMAT603', 'SMAT604', 'SMAT605', 'SMAT606']"
39552,Dr. Douglas Gonzalez,93.43,literatureteaching,Term 3,"['ELIT301', 'ELIT302', 'ELIT303', 'ELIT304', 'ELIT305', 'ELIT306']"
34914,Debbie Garcia,83.32,mathsteaching,Term 6,"['EMAT601', 'EMAT602', 'EMAT603', 'EMAT604', 'EMAT605', 'EMAT606']"
30388,Lucas Russell,84.66,psychology,Term 8,"['SPSY801', 'SPSY802', 'SPSY803', 'SPSY804', 'SPSY805', 'SPSY806']"
82755,Erin Johnston,94.82,physics,Term 5,"['SPHY501', 'SPHY502', 'SPHY503', 'SPHY504', 'SPHY505', 'SPHY506']"
55373,Christina Osborne,99.4,mathsteaching,Term 1,"['EMAT101', 'EMAT102', 'EMAT103', 'EMAT104', 'EMAT105', 'EMAT106']"
41104,Martha Bryant,93.34,physics,Term 5,"['SPHY501', 'SPHY502', 'SPHY503', 'SPHY504', 'SPHY505', 'SPHY506']"
34711,Jessica Hays,65.09,psychology,Term 7,"['SPSY701', 'SPSY702', 'SPSY703', 'SPSY704', 'SPSY705', 'SPSY706']"
24448,Holly Harmon,99.99,mathsteaching,Term 4,"['EMAT401', 'EMAT402', 'EMAT403', 'EMAT404', 'EMAT405', 'EMAT406']"
97420,Christine Carney,68.92,psychology,Term 8,"['SPSY801', 'SPSY802', 'SPSY803', 'SPSY804', 'SPSY805', 'SPSY806']"
61909,Darren Nelson,89.78,psychology,Term 8,"['SPSY801', 'SPSY802', 'SPSY803', 'SPSY804', 'SPSY805', 'SPSY806']"
47700,Dr. Brittany Russell,90.58,electronics,Term 4,"['EELE401', 'EELE402', 'EELE403', 'EELE404', 'EELE405', 'EELE406']"
13449,Angela Cross,72.73,mathsteaching,Term 3,"['EMAT301', 'EMAT302', 'EMAT303', 'EMAT304', 'EMAT305', 'EMAT306']"
32271,Eduardo Lewis,74.15,electronics,Term 7,"['EELE701', 'EELE702', 'EELE703', 'EELE704', 'EELE705', 'EELE706']"
79473,Donald Thornton,69.55,electronics,Term 8,"['EELE801', 'EELE802', 'EELE803', 'EELE804', 'EELE805', 'EELE806']"
34646,Daniel Stone,85.51,physicsteaching,Term 7,"['EPHY701', 'EPHY702', 'EPHY703', 'EPHY704', 'EPHY705', 'EPHY706']"
85440,Erin Smith,83.43,electronics,Term 8,"['EELE801', 'EELE802', 'EELE803', 'EELE804', 'EELE805', 'EELE806']"
35142,David Rodriguez DDS,68.95,electronics,Term 6,"['EELE601', 'EELE602', 'EELE603', 'EELE604', 'EELE605', 'EELE606']"
31296,Jose Bell,89.08,psychology,Term 8,"['SPSY801', 'SPSY802', 'SPSY803', 'SPSY804', 'SPSY805', 'SPSY806']"
56464,Taylor Robinson,92.6,maths,Term 2,"['SMAT201', 'SMAT202', 'SMAT203', 'SMAT204', 'SMAT205', 'SMAT206']"
16956,Monica Gray,81.04,psychology,Term 7,"['SPSY701', 'SPSY702', 'SPSY703', 'SPSY704', 'SPSY705', 'SPSY706']"
37615,Alexander Cherry,74.82,civil,Term 8,"['ECIV801', 'ECIV802', 'ECIV803', 'ECIV804', 'ECIV805', 'ECIV806']"
19788,Terry Mays,86.11,maths,Term 6,"['SMAT601', 'SMAT602', 'SMAT603', 'SMAT604', 'SMAT605', 'SMAT606']"
75042,Dawn Zimmerman,64.13,maths,Term 2,"['SMAT201', 'SMAT202', 'SMAT203', 'SMAT204', 'SMAT205', 'SMAT206']"
95921,Tonya Matthews,70.34,mathsteaching,Term 8,"['EMAT801', 'EMAT802', 'EMAT803', 'EMAT804', 'EMAT805', 'EMAT806']"
97008,Judy Anderson,94.15,civil,Term 4,"['ECIV401', 'ECIV402', 'ECIV403', 'ECIV404', 'ECIV405', 'ECIV406']"
16681,Linda Bradley,82.84,maths,Term 4,"['SMAT401', 'SMAT402', 'SMAT403', 'SMAT404', 'SMAT405', 'SMAT406']"
53121,Manuel Jackson,83.08,physicsteaching,Term 8,"['EPHY801', 'EPHY802', 'EPHY803', 'EPHY804', 'EPHY805', 'EPHY806']"
10758,Rhonda Cook,83.97,physics,Term 2,"['SPHY201', 'SPHY202', 'SPHY203', 'SPHY204', 'SPHY205', 'SPHY206']"
37936,Louis Lee,82.23,mathsteaching,Term 3,"['EMAT301', 'EMAT302', 'EMAT303', 'EMAT304', 'EMAT305', 'EMAT306']"
71083,Brooke Day,99.04,physics,Term 5,"['SPHY501', 'SPHY502', 'SPHY503', 'SPHY504', 'SPHY505', 'SPHY506']"
30336,Joseph Bailey,87.72,computer,Term 6,"['ECOM601', 'ECOM602', 'ECOM603', 'ECOM604', 'ECOM605', 'ECOM606']"
99544,Donald Thompson,62.26,physics,Term 1,"['SPHY101', 'SPHY102', 'SPHY103', 'SPHY104', 'SPHY105', 'SPHY106']"
96158,Nancy Martinez,62.79,mathsteaching,Term 7,"['EMAT701', 'EMAT702', 'EMAT703', 'EMAT704', 'EMAT705', 'EMAT706']"
54093,David Campbell,61.15,computer,Term 5,"['ECOM501', 'ECOM502', 'ECOM503', 'ECOM504', 'ECOM505', 'ECOM506']"
51677,Samantha Rich,81.45,literatureteaching,Term 3,"['ELIT301', 'ELIT302', 'ELIT303', 'ELIT304', 'ELIT305', 'ELIT306']"
80226,Stephanie Santos,66.96,psychology,Term 1,"['SPSY101', 'SPSY102', 'SPSY103', 'SPSY104', 'SPSY105', 'SPSY106']"
12395,Jessica Roth,84.97,literatureteaching,Term 8,"['ELIT801', 'ELIT802', 'ELIT803', 'ELIT804', 'ELIT805', 'ELIT806']"
67329,Ms. Briana Williams,70.79,computer,Term 1,"['ECOM101', 'ECOM102', 'ECOM103', 'ECOM104', 'ECOM105', 'ECOM106']"
53202,Wendy Fletcher,92.76,physics,Term 4,"['SPHY401', 'SPHY402', 'SPHY403', 'SPHY404', 'SPHY405', 'SPHY406']"
68161,Melissa Johnston,67.65,electronics,Term 6,"['EELE601', 'EELE602', 'EELE603', 'EELE604', 'EELE605', 'EELE606']"
50704,Jason Reid,87.02,computer,Term 4,"['ECOM401', 'ECOM402', 'ECOM403', 'ECOM404', 'ECOM405', 'ECOM406']"
16253,Michele Reed,95.84,computer,Term 3,"['ECOM301', 'ECOM302', 'ECOM303', 'ECOM304', 'ECOM305', 'ECOM306']"
80376,Kimberly Logan,81.24,civil,Term 8,"['ECIV801', 'ECIV802', 'ECIV803', 'ECIV804', 'ECIV805', 'ECIV806']"
69274,Jose Munoz,75.04,psychology,Term 8,"['SPSY801', 'SPSY802', 'SPSY803', 'SPSY804', 'SPSY805', 'SPSY806']"
78743,Emily Black,65.98,mathsteaching,Term 1,"['EMAT101', 'EMAT102', 'EMAT103', 'EMAT104', 'EMAT105', 'EMAT106']"
72342,Jeanette Rodriguez,95.07,computer,Term 3,"['ECOM301', 'ECOM302', 'ECOM303', 'ECOM304', 'ECOM305', 'ECOM306']"
86932,Sarah Vasquez,63.48,civil,Term 3,"['ECIV301', 'ECIV302', 'ECIV303', 'ECIV304', 'ECIV305', 'ECIV306']"
92778,Jacob Fernandez,85.97,psychology,Term 7,"['SPSY701', 'SPSY702', 'SPSY703', 'SPSY704', 'SPSY705', 'SPSY706']"
28296,Daniel Griffin,81.16,physics,Term 3,"['SPHY301', 'SPHY302', 'SPHY303', 'SPHY304', 'SPHY305', 'SPHY306']"
54073,Ronald Johnson,60.99,physicsteaching,Term 6,"['EPHY601', 'EPHY602', 'EPHY603', 'EPHY604', 'EPHY605', 'EPHY606']"
65787,Hunter Romero,67.52,psychology,Term 2,"['SPSY201', 'SPSY202', 'SPSY203', 'SPSY204', 'SPSY205', 'SPSY206']"
65695,Elizabeth Barnett,66.19,mathsteaching,Term 1,"['EMAT101', 'EMAT102', 'EMAT103', 'EMAT104', 'EMAT105', 'EMAT106']"
32635,Patrick King,69.65,electronics,Term 1,"['EELE101', 'EELE102', 'EELE103', 'EELE104', 'EELE105', 'EELE106']"
96681,Andrew Mills,96.01,physicsteaching,Term 8,"['EPHY801', 'EPHY802', 'EPHY803', 'EPHY804', 'EPHY805', 'EPHY806']"
20524,William Colon,76.19,mathsteaching,Term 3,"['EMAT301', 'EMAT302', 'EMAT303', 'EMAT304', 'EMAT305', 'EMAT306']"
83951,Jeffrey Green,69.94,mathsteaching,Term 4,"['EMAT401', 'EMAT402', 'EMAT403', 'EMAT404', 'EMAT405', 'EMAT406']"
46012,David Martin,69.11,literatureteaching,Term 2,"['ELIT201', 'ELIT202', 'ELIT203', 'ELIT204', 'ELIT205', 'ELIT206']"
10898,David Thomas,86.96,computer,Term 7,"['ECOM701', 'ECOM702', 'ECOM703', 'ECOM704', 'ECOM705', 'ECOM706']"
24753,Marvin Aguirre,64.68,literatureteaching,Term 4,"['ELIT401', 'ELIT402', 'ELIT403', 'ELIT404', 'ELIT405', 'ELIT406']"
61772,Veronica Robinson,91.56,civil,Term 4,"['ECIV401', 'ECIV402', 'ECIV403', 'ECIV404', 'ECIV405', 'ECIV406']"
40460,Terri Padilla,81.32,physicsteaching,Term 1,"['EPHY101', 'EPHY102', 'EPHY103', 'EPHY104', 'EPHY105', 'EPHY106']"
19503,Alicia Rodriguez,96.3,mathsteaching,Term 7,"['EMAT701', 'EMAT702', 'EMAT703', 'EMAT704', 'EMAT705', 'EMAT706']"
53387,Leslie Hanson,64.95,computer,Term 2,"['ECOM201', 'ECOM202', 'ECOM203', 'ECOM204', 'ECOM205', 'ECOM206']"
25488,David Curtis,77.73,civil,Term 7,"['ECIV701', 'ECIV702', 'ECIV703', 'ECIV704', 'ECIV705', 'ECIV706']"
13537,Jasmine Brooks,72.73,psychology,Term 4,"['SPSY401', 'SPSY402', 'SPSY403', 'SPSY404', 'SPSY405', 'SPSY406']"
71031,Amanda Bradley,75.69,computer,Term 5,"['ECOM501', 'ECOM502', 'ECOM503', 'ECOM504', 'ECOM505', 'ECOM506']"
95855,Heather Brown,63.76,civil,Term 3,"['ECIV301', 'ECIV302', 'ECIV303', 'ECIV304', 'ECIV305', 'ECIV306']"
66507,Richard Patel,93.92,psychology,Term 7,"['SPSY701', 'SPSY702', 'SPSY703', 'SPSY704', 'SPSY705', 'SPSY706']"
40599,Sarah Davis,62.35,physics,Term 4,"['SPHY401', 'SPHY402', 'SPHY403', 'SPHY404', 'SPHY405', 'SPHY406']"
75716,Bridget Stewart,84.74,literatureteaching,Term 6,"['ELIT601', 'ELIT602', 'ELIT603', 'ELIT604', 'ELIT605', 'ELIT606']"
54221,David Holland,97.7,electronics,Term 1,"['EELE101', 'EELE102', 'EELE103', 'EELE104', 'EELE105', 'EELE106']"
49769,Andrew Stout,77.33,electronics,Term 4,"['EELE401', 'EELE402', 'EELE403', 'EELE404', 'EELE405', 'EELE406']"
40664,Ellen Murphy,85.74,physics,Term 7,"['SPHY701', 'SPHY702', 'SPHY703', 'SPHY704', 'SPHY705', 'SPHY706']"
68436,Timothy Roth,86.16,physicsteaching,Term 6,"['EPHY601', 'EPHY602', 'EPHY603', 'EPHY604', 'EPHY605', 'EPHY606']"
